step,reward,avg_reward,cumulative_reward
1,0,0.0,0
2,0,0.0,0
3,0,0.0,0
4,0,0.0,0
5,4,0.8,4
6,1,0.8333333333333334,5
7,0,0.7142857142857143,5
8,1,0.75,6
9,2,0.8888888888888888,8
10,0,0.8,8
11,0,0.7272727272727273,8
12,1,0.75,9
13,0,0.6923076923076923,9
14,1,0.7142857142857143,10
15,0,0.6666666666666666,10
16,4,0.875,14
17,1,0.8823529411764706,15
18,1,0.8888888888888888,16
19,1,0.8947368421052632,17
20,0,0.85,17
21,1,0.8571428571428571,18
22,0,0.8181818181818182,18
23,0,0.782608695652174,18
24,1,0.7916666666666666,19
25,0,0.76,19
26,2,0.8076923076923077,21
27,0,0.7777777777777778,21
28,2,0.8214285714285714,23
29,3,0.896551724137931,26
30,0,0.8666666666666667,26
31,0,0.8387096774193549,26
32,1,0.84375,27
33,1,0.8484848484848485,28
34,0,0.8235294117647058,28
35,1,0.8285714285714286,29
36,3,0.8888888888888888,32
37,1,0.8918918918918919,33
38,2,0.9210526315789473,35
39,1,0.9230769230769231,36
40,0,0.9,36
41,0,0.8780487804878049,36
42,0,0.8571428571428571,36
43,0,0.8372093023255814,36
44,0,0.8181818181818182,36
45,1,0.8222222222222222,37
46,2,0.8478260869565217,39
47,2,0.8723404255319149,41
48,1,0.875,42
49,0,0.8571428571428571,42
50,4,0.92,46
51,0,0.9019607843137255,46
52,1,0.9038461538461539,47
53,0,0.8867924528301887,47
54,0,0.8703703703703703,47
55,0,0.8545454545454545,47
56,1,0.8571428571428571,48
57,1,0.8596491228070176,49
58,2,0.8793103448275862,51
59,1,0.8813559322033898,52
60,1,0.8833333333333333,53
61,2,0.9016393442622951,55
62,0,0.8870967741935484,55
63,0,0.873015873015873,55
64,0,0.859375,55
65,1,0.8615384615384616,56
66,1,0.8636363636363636,57
67,2,0.8805970149253731,59
68,1,0.8823529411764706,60
69,0,0.8695652173913043,60
70,0,0.8571428571428571,60
71,1,0.8591549295774648,61
72,0,0.8472222222222222,61
73,2,0.863013698630137,63
74,0,0.8513513513513513,63
75,1,0.8533333333333334,64
76,0,0.8421052631578947,64
77,1,0.8441558441558441,65
78,0,0.8333333333333334,65
79,0,0.8227848101265823,65
80,1,0.825,66
81,1,0.8271604938271605,67
82,2,0.8414634146341463,69
83,0,0.8313253012048193,69
84,2,0.8452380952380952,71
85,0,0.8352941176470589,71
86,2,0.8488372093023255,73
87,3,0.8735632183908046,76
88,4,0.9090909090909091,80
89,0,0.898876404494382,80
90,0,0.8888888888888888,80
91,1,0.8901098901098901,81
92,4,0.9239130434782609,85
93,1,0.9247311827956989,86
94,0,0.9148936170212766,86
95,1,0.9157894736842105,87
96,0,0.90625,87
97,0,0.8969072164948454,87
98,0,0.8877551020408163,87
99,0,0.8787878787878788,87
100,0,0.87,87
101,0,0.8613861386138614,87
102,1,0.8627450980392157,88
103,0,0.8543689320388349,88
104,1,0.8557692307692307,89
105,4,0.8857142857142857,93
106,1,0.8867924528301887,94
107,0,0.8785046728971962,94
108,1,0.8796296296296297,95
109,0,0.8715596330275229,95
110,0,0.8636363636363636,95
111,0,0.8558558558558559,95
112,0,0.8482142857142857,95
113,1,0.8495575221238938,96
114,1,0.8508771929824561,97
115,4,0.8782608695652174,101
116,0,0.8706896551724138,101
117,2,0.8803418803418803,103
118,0,0.8728813559322034,103
119,2,0.8823529411764706,105
120,1,0.8833333333333333,106
121,0,0.8760330578512396,106
122,0,0.8688524590163934,106
123,4,0.8943089430894309,110
124,0,0.8870967741935484,110
125,0,0.88,110
126,0,0.873015873015873,110
127,0,0.8661417322834646,110
128,1,0.8671875,111
129,0,0.8604651162790697,111
130,1,0.8615384615384616,112
131,2,0.8702290076335878,114
132,4,0.8939393939393939,118
133,3,0.9097744360902256,121
134,0,0.9029850746268657,121
135,0,0.8962962962962963,121
136,1,0.8970588235294118,122
137,0,0.8905109489051095,122
138,1,0.8913043478260869,123
139,0,0.8848920863309353,123
140,1,0.8857142857142857,124
141,2,0.8936170212765957,126
142,1,0.8943661971830986,127
143,0,0.8881118881118881,127
144,1,0.8888888888888888,128
145,0,0.8827586206896552,128
146,2,0.8904109589041096,130
147,1,0.891156462585034,131
148,2,0.8986486486486487,133
149,0,0.8926174496644296,133
150,0,0.8866666666666667,133
151,0,0.8807947019867549,133
152,2,0.8881578947368421,135
153,0,0.8823529411764706,135
154,0,0.8766233766233766,135
155,0,0.8709677419354839,135
156,0,0.8653846153846154,135
157,0,0.8598726114649682,135
158,0,0.8544303797468354,135
159,0,0.8490566037735849,135
160,0,0.84375,135
161,1,0.84472049689441,136
162,0,0.8395061728395061,136
163,1,0.8404907975460123,137
164,2,0.8475609756097561,139
165,0,0.8424242424242424,139
166,0,0.8373493975903614,139
167,1,0.8383233532934131,140
168,1,0.8392857142857143,141
169,3,0.8520710059171598,144
170,2,0.8588235294117647,146
171,0,0.8538011695906432,146
172,0,0.8488372093023255,146
173,2,0.8554913294797688,148
174,0,0.8505747126436781,148
175,0,0.8457142857142858,148
176,4,0.8636363636363636,152
177,1,0.864406779661017,153
178,0,0.8595505617977528,153
179,1,0.8603351955307262,154
180,0,0.8555555555555555,154
181,1,0.856353591160221,155
182,3,0.8681318681318682,158
183,0,0.8633879781420765,158
184,4,0.8804347826086957,162
185,0,0.8756756756756757,162
186,0,0.8709677419354839,162
187,0,0.8663101604278075,162
188,0,0.8617021276595744,162
189,0,0.8571428571428571,162
190,0,0.8526315789473684,162
191,1,0.8534031413612565,163
192,0,0.8489583333333334,163
193,1,0.8497409326424871,164
194,0,0.845360824742268,164
195,1,0.8461538461538461,165
196,1,0.8469387755102041,166
197,1,0.8477157360406091,167
198,2,0.8535353535353535,169
199,0,0.8492462311557789,169
200,1,0.85,170
201,0,0.845771144278607,170
202,2,0.8514851485148515,172
203,0,0.8472906403940886,172
204,0,0.8431372549019608,172
205,2,0.848780487804878,174
206,1,0.8495145631067961,175
207,2,0.855072463768116,177
208,2,0.8605769230769231,179
209,1,0.861244019138756,180
210,0,0.8571428571428571,180
211,1,0.8578199052132701,181
212,1,0.8584905660377359,182
213,0,0.8544600938967136,182
214,1,0.8551401869158879,183
215,2,0.8604651162790697,185
216,2,0.8657407407407407,187
217,1,0.8663594470046083,188
218,0,0.8623853211009175,188
219,2,0.867579908675799,190
220,0,0.8636363636363636,190
221,1,0.8642533936651584,191
222,1,0.8648648648648649,192
223,4,0.8789237668161435,196
224,0,0.875,196
225,0,0.8711111111111111,196
226,0,0.8672566371681416,196
227,0,0.8634361233480177,196
228,0,0.8596491228070176,196
229,0,0.8558951965065502,196
230,3,0.8652173913043478,199
231,0,0.8614718614718615,199
232,0,0.8577586206896551,199
233,1,0.8583690987124464,200
234,1,0.8589743589743589,201
235,1,0.8595744680851064,202
236,0,0.8559322033898306,202
237,2,0.8607594936708861,204
238,2,0.865546218487395,206
239,0,0.8619246861924686,206
240,3,0.8708333333333333,209
241,0,0.8672199170124482,209
242,1,0.8677685950413223,210
243,0,0.8641975308641975,210
244,0,0.860655737704918,210
245,2,0.8653061224489796,212
246,1,0.8658536585365854,213
247,0,0.8623481781376519,213
248,1,0.8629032258064516,214
249,1,0.8634538152610441,215
250,4,0.876,219
251,0,0.8725099601593626,219
252,2,0.876984126984127,221
253,0,0.8735177865612648,221
254,0,0.8700787401574803,221
255,0,0.8666666666666667,221
256,2,0.87109375,223
257,0,0.867704280155642,223
258,0,0.8643410852713178,223
259,0,0.861003861003861,223
260,1,0.8615384615384616,224
261,2,0.8659003831417624,226
262,0,0.8625954198473282,226
263,0,0.8593155893536122,226
264,1,0.8598484848484849,227
265,0,0.8566037735849057,227
266,0,0.8533834586466166,227
267,0,0.850187265917603,227
268,1,0.8507462686567164,228
269,0,0.8475836431226765,228
270,0,0.8444444444444444,228
271,0,0.8413284132841329,228
272,1,0.8419117647058824,229
273,1,0.8424908424908425,230
274,0,0.8394160583941606,230
275,0,0.8363636363636363,230
276,0,0.8333333333333334,230
277,0,0.8303249097472925,230
278,4,0.841726618705036,234
279,0,0.8387096774193549,234
280,1,0.8392857142857143,235
281,2,0.8434163701067615,237
282,0,0.8404255319148937,237
283,0,0.8374558303886925,237
284,2,0.8415492957746479,239
285,0,0.8385964912280702,239
286,1,0.8391608391608392,240
287,2,0.8432055749128919,242
288,0,0.8402777777777778,242
289,0,0.8373702422145328,242
290,0,0.8344827586206897,242
291,0,0.8316151202749141,242
292,0,0.8287671232876712,242
293,1,0.8293515358361775,243
294,2,0.8333333333333334,245
295,0,0.8305084745762712,245
296,1,0.831081081081081,246
297,2,0.835016835016835,248
298,4,0.8456375838926175,252
299,1,0.8461538461538461,253
300,1,0.8466666666666667,254
301,0,0.8438538205980066,254
302,0,0.8410596026490066,254
303,0,0.8382838283828383,254
304,0,0.8355263157894737,254
305,0,0.8327868852459016,254
306,0,0.8300653594771242,254
307,0,0.8273615635179153,254
308,0,0.8246753246753247,254
309,4,0.8349514563106796,258
310,1,0.8354838709677419,259
311,0,0.8327974276527331,259
312,1,0.8333333333333334,260
313,0,0.8306709265175719,260
314,0,0.8280254777070064,260
315,0,0.8253968253968254,260
316,0,0.8227848101265823,260
317,3,0.8296529968454258,263
318,0,0.8270440251572327,263
319,0,0.8244514106583072,263
320,2,0.828125,265
321,1,0.8286604361370716,266
322,1,0.8291925465838509,267
323,4,0.8390092879256966,271
324,0,0.8364197530864198,271
325,4,0.8461538461538461,275
326,2,0.8496932515337423,277
327,1,0.8501529051987767,278
328,0,0.8475609756097561,278
329,0,0.8449848024316109,278
330,0,0.8424242424242424,278
331,1,0.8429003021148036,279
332,2,0.8463855421686747,281
333,0,0.8438438438438438,281
334,3,0.8502994011976048,284
335,2,0.8537313432835821,286
336,4,0.8630952380952381,290
337,2,0.8664688427299704,292
338,0,0.863905325443787,292
339,1,0.8643067846607669,293
340,0,0.861764705882353,293
341,3,0.8680351906158358,296
342,2,0.8713450292397661,298
343,1,0.8717201166180758,299
344,0,0.8691860465116279,299
345,0,0.8666666666666667,299
346,0,0.8641618497109826,299
347,1,0.8645533141210374,300
348,0,0.8620689655172413,300
349,2,0.8653295128939829,302
350,0,0.8628571428571429,302
351,2,0.8660968660968661,304
352,0,0.8636363636363636,304
353,2,0.8668555240793201,306
354,2,0.8700564971751412,308
355,1,0.8704225352112676,309
356,0,0.8679775280898876,309
357,1,0.8683473389355743,310
358,0,0.8659217877094972,310
359,3,0.871866295264624,313
360,2,0.875,315
361,1,0.8753462603878116,316
362,1,0.8756906077348067,317
363,1,0.8760330578512396,318
364,1,0.8763736263736264,319
365,0,0.873972602739726,319
366,0,0.8715846994535519,319
367,0,0.8692098092643051,319
368,0,0.8668478260869565,319
369,1,0.8672086720867209,320
370,0,0.8648648648648649,320
371,0,0.862533692722372,320
372,1,0.8629032258064516,321
373,0,0.8605898123324397,321
374,1,0.8609625668449198,322
375,0,0.8586666666666667,322
376,0,0.8563829787234043,322
377,1,0.8567639257294429,323
378,3,0.8624338624338624,326
379,0,0.8601583113456465,326
380,2,0.8631578947368421,328
381,0,0.8608923884514436,328
382,0,0.8586387434554974,328
383,0,0.856396866840731,328
384,0,0.8541666666666666,328
385,4,0.8623376623376623,332
386,0,0.8601036269430051,332
387,0,0.8578811369509044,332
388,0,0.8556701030927835,332
389,2,0.8586118251928021,334
390,2,0.8615384615384616,336
391,0,0.8593350383631714,336
392,0,0.8571428571428571,336
393,1,0.8575063613231552,337
394,2,0.8604060913705583,339
395,0,0.8582278481012658,339
396,1,0.8585858585858586,340
397,0,0.8564231738035264,340
398,0,0.8542713567839196,340
399,4,0.8621553884711779,344
400,0,0.86,344
401,2,0.8628428927680798,346
402,0,0.8606965174129353,346
403,0,0.858560794044665,346
404,4,0.8663366336633663,350
405,0,0.8641975308641975,350
406,1,0.8645320197044335,351
407,0,0.8624078624078624,351
408,0,0.8602941176470589,351
409,1,0.8606356968215159,352
410,1,0.8609756097560975,353
411,1,0.8613138686131386,354
412,1,0.8616504854368932,355
413,0,0.8595641646489104,355
414,1,0.8599033816425121,356
415,0,0.8578313253012049,356
416,1,0.8581730769230769,357
417,0,0.8561151079136691,357
418,0,0.854066985645933,357
419,1,0.8544152744630071,358
420,0,0.8523809523809524,358
421,2,0.8551068883610451,360
422,1,0.8554502369668247,361
423,0,0.8534278959810875,361
424,2,0.8561320754716981,363
425,0,0.8541176470588235,363
426,0,0.852112676056338,363
427,0,0.8501170960187353,363
428,0,0.8481308411214953,363
429,0,0.8461538461538461,363
430,1,0.8465116279069768,364
431,2,0.8491879350348028,366
432,0,0.8472222222222222,366
433,0,0.8452655889145496,366
434,0,0.8433179723502304,366
435,0,0.8413793103448276,366
436,0,0.8394495412844036,366
437,0,0.8375286041189931,366
438,0,0.8356164383561644,366
439,1,0.835990888382688,367
440,0,0.8340909090909091,367
441,1,0.8344671201814059,368
442,0,0.832579185520362,368
443,0,0.8306997742663657,368
444,0,0.8288288288288288,368
445,0,0.8269662921348314,368
446,0,0.8251121076233184,368
447,0,0.8232662192393736,368
448,0,0.8214285714285714,368
449,4,0.8285077951002228,372
450,0,0.8266666666666667,372
451,0,0.8248337028824834,372
452,1,0.8252212389380531,373
453,0,0.8233995584988962,373
454,0,0.8215859030837004,373
455,1,0.8219780219780219,374
456,2,0.8245614035087719,376
457,3,0.8293216630196937,379
458,2,0.8318777292576419,381
459,0,0.8300653594771242,381
460,0,0.8282608695652174,381
461,0,0.8264642082429501,381
462,1,0.8268398268398268,382
463,2,0.8293736501079914,384
464,0,0.8275862068965517,384
465,0,0.8258064516129032,384
466,0,0.8240343347639485,384
467,0,0.8222698072805139,384
468,3,0.8269230769230769,387
469,0,0.8251599147121536,387
470,0,0.823404255319149,387
471,2,0.8259023354564756,389
472,4,0.8326271186440678,393
473,1,0.8329809725158562,394
474,2,0.8354430379746836,396
475,0,0.8336842105263158,396
476,0,0.8319327731092437,396
477,1,0.8322851153039832,397
478,0,0.8305439330543933,397
479,2,0.8329853862212944,399
480,0,0.83125,399
481,0,0.8295218295218295,399
482,0,0.8278008298755186,399
483,2,0.8302277432712215,401
484,0,0.8285123966942148,401
485,0,0.8268041237113402,401
486,4,0.8333333333333334,405
487,0,0.8316221765913757,405
488,3,0.8360655737704918,408
489,1,0.83640081799591,409
490,1,0.8367346938775511,410
491,0,0.835030549898167,410
492,0,0.8333333333333334,410
493,0,0.8316430020283976,410
494,1,0.8319838056680162,411
495,0,0.8303030303030303,411
496,0,0.8286290322580645,411
497,0,0.8269617706237424,411
498,1,0.8273092369477911,412
499,0,0.8256513026052105,412
500,0,0.824,412
501,1,0.8243512974051896,413
502,3,0.8286852589641435,416
503,3,0.8330019880715706,419
504,1,0.8333333333333334,420
505,0,0.8316831683168316,420
506,0,0.8300395256916996,420
507,0,0.8284023668639053,420
508,1,0.8287401574803149,421
509,2,0.831041257367387,423
510,1,0.8313725490196079,424
511,0,0.8297455968688845,424
512,2,0.83203125,426
513,1,0.8323586744639376,427
514,1,0.8326848249027238,428
515,0,0.8310679611650486,428
516,0,0.8294573643410853,428
517,0,0.8278529980657641,428
518,1,0.8281853281853282,429
519,0,0.8265895953757225,429
520,3,0.8307692307692308,432
521,0,0.8291746641074856,432
522,1,0.8295019157088123,433
523,1,0.8298279158699808,434
524,1,0.8301526717557252,435
525,0,0.8285714285714286,435
526,1,0.8288973384030418,436
527,2,0.8311195445920304,438
528,2,0.8333333333333334,440
529,0,0.831758034026465,440
530,0,0.8301886792452831,440
531,1,0.8305084745762712,441
532,1,0.8308270676691729,442
533,1,0.8311444652908068,443
534,0,0.8295880149812734,443
535,0,0.8280373831775701,443
536,0,0.8264925373134329,443
537,2,0.8286778398510242,445
538,2,0.8308550185873605,447
539,0,0.8293135435992579,447
540,2,0.8314814814814815,449
541,0,0.8299445471349353,449
542,1,0.8302583025830258,450
543,2,0.8324125230202578,452
544,1,0.8327205882352942,453
545,0,0.8311926605504587,453
546,4,0.836996336996337,457
547,1,0.8372943327239488,458
548,3,0.8412408759124088,461
549,0,0.8397085610200364,461
550,2,0.8418181818181818,463
551,0,0.8402903811252269,463
552,0,0.8387681159420289,463
553,0,0.8372513562386981,463
554,1,0.8375451263537906,464
555,2,0.8396396396396396,466
556,0,0.8381294964028777,466
557,0,0.8366247755834829,466
558,1,0.8369175627240143,467
559,2,0.8389982110912343,469
560,1,0.8392857142857143,470
561,2,0.8413547237076648,472
562,0,0.8398576512455516,472
563,1,0.8401420959147424,473
564,0,0.8386524822695035,473
565,1,0.8389380530973451,474
566,2,0.8409893992932862,476
567,3,0.8447971781305115,479
568,1,0.8450704225352113,480
569,0,0.843585237258348,480
570,1,0.843859649122807,481
571,1,0.8441330998248686,482
572,0,0.8426573426573427,482
573,4,0.8481675392670157,486
574,0,0.8466898954703833,486
575,0,0.8452173913043478,486
576,0,0.84375,486
577,4,0.8492201039861352,490
578,0,0.8477508650519031,490
579,1,0.8480138169257341,491
580,1,0.8482758620689655,492
581,0,0.846815834767642,492
582,1,0.8470790378006873,493
583,0,0.8456260720411664,493
584,0,0.8441780821917808,493
585,0,0.8427350427350427,493
586,0,0.841296928327645,493
587,1,0.8415672913117547,494
588,0,0.8401360544217688,494
589,0,0.8387096774193549,494
590,2,0.8406779661016949,496
591,2,0.8426395939086294,498
592,3,0.8462837837837838,501
593,2,0.8482293423271501,503
594,0,0.8468013468013468,503
595,2,0.8487394957983193,505
596,1,0.8489932885906041,506
597,0,0.847571189279732,506
598,2,0.8494983277591973,508
599,1,0.8497495826377296,509
600,0,0.8483333333333334,509
601,2,0.8502495840266223,511
602,0,0.8488372093023255,511
603,0,0.8474295190713101,511
604,3,0.8509933774834437,514
605,1,0.8512396694214877,515
606,0,0.8498349834983498,515
607,0,0.8484349258649094,515
608,2,0.850328947368421,517
609,2,0.8522167487684729,519
610,0,0.8508196721311475,519
611,2,0.8527004909983633,521
612,2,0.8545751633986928,523
613,0,0.8531810766721044,523
614,1,0.8534201954397395,524
615,0,0.8520325203252033,524
616,2,0.8538961038961039,526
617,1,0.8541329011345219,527
618,0,0.8527508090614887,527
619,0,0.851373182552504,527
620,1,0.8516129032258064,528
621,2,0.8534621578099839,530
622,0,0.8520900321543409,530
623,1,0.8523274478330658,531
624,0,0.8509615384615384,531
625,2,0.8528,533
626,0,0.8514376996805112,533
627,2,0.8532695374800638,535
628,0,0.8519108280254777,535
629,0,0.8505564387917329,535
630,0,0.8492063492063492,535
631,0,0.8478605388272583,535
632,2,0.8496835443037974,537
633,0,0.8483412322274881,537
634,0,0.8470031545741324,537
635,0,0.8456692913385827,537
636,1,0.8459119496855346,538
637,0,0.8445839874411303,538
638,2,0.8463949843260188,540
639,0,0.8450704225352113,540
640,0,0.84375,540
641,1,0.84399375975039,541
642,2,0.8457943925233645,543
643,0,0.8444790046656299,543
644,0,0.843167701863354,543
645,3,0.8465116279069768,546
646,1,0.846749226006192,547
647,2,0.848531684698609,549
648,0,0.8472222222222222,549
649,1,0.847457627118644,550
650,0,0.8461538461538461,550
651,0,0.8448540706605223,550
652,4,0.8496932515337423,554
653,0,0.8483920367534457,554
654,0,0.8470948012232415,554
655,2,0.8488549618320611,556
656,2,0.850609756097561,558
657,2,0.852359208523592,560
658,1,0.8525835866261399,561
659,0,0.8512898330804249,561
660,0,0.85,561
661,0,0.848714069591528,561
662,0,0.8474320241691843,561
663,0,0.8461538461538461,561
664,1,0.8463855421686747,562
665,0,0.8451127819548873,562
666,0,0.8438438438438438,562
667,0,0.8425787106446777,562
668,0,0.8413173652694611,562
669,4,0.8460388639760837,566
670,0,0.844776119402985,566
671,0,0.8435171385991058,566
672,1,0.84375,567
673,1,0.8439821693907875,568
674,2,0.8456973293768546,570
675,2,0.8474074074074074,572
676,1,0.8476331360946746,573
677,2,0.8493353028064993,575
678,0,0.8480825958702065,575
679,2,0.8497790868924889,577
680,1,0.85,578
681,0,0.8487518355359766,578
682,0,0.8475073313782991,578
683,0,0.8462664714494875,578
684,0,0.8450292397660819,578
685,0,0.8437956204379562,578
686,2,0.8454810495626822,580
687,2,0.8471615720524017,582
688,1,0.8473837209302325,583
689,0,0.8461538461538461,583
690,0,0.8449275362318841,583
691,0,0.8437047756874095,583
692,0,0.8424855491329479,583
693,4,0.847041847041847,587
694,4,0.8515850144092219,591
695,0,0.8503597122302158,591
696,2,0.8520114942528736,593
697,1,0.8522238163558106,594
698,0,0.8510028653295129,594
699,2,0.8526466380543634,596
700,1,0.8528571428571429,597
701,3,0.8559201141226819,600
702,1,0.8561253561253561,601
703,1,0.8563300142247511,602
704,2,0.8579545454545454,604
705,0,0.8567375886524823,604
706,2,0.8583569405099151,606
707,1,0.8585572842998586,607
708,1,0.8587570621468926,608
709,1,0.8589562764456982,609
710,1,0.8591549295774648,610
711,0,0.8579465541490858,610
712,0,0.8567415730337079,610
713,2,0.8583450210378681,612
714,1,0.8585434173669467,613
715,1,0.8587412587412587,614
716,0,0.8575418994413407,614
717,1,0.8577405857740585,615
718,0,0.8565459610027855,615
719,1,0.8567454798331016,616
720,2,0.8583333333333333,618
721,0,0.8571428571428571,618
722,0,0.8559556786703602,618
723,2,0.8575380359612724,620
724,1,0.8577348066298343,621
725,0,0.856551724137931,621
726,0,0.8553719008264463,621
727,1,0.8555708390646493,622
728,1,0.8557692307692307,623
729,1,0.8559670781893004,624
730,0,0.8547945205479452,624
731,2,0.8563611491108071,626
732,0,0.855191256830601,626
733,2,0.8567530695770805,628
734,2,0.8583106267029973,630
735,0,0.8571428571428571,630
736,0,0.8559782608695652,630
737,1,0.8561736770691994,631
738,1,0.8563685636856369,632
739,0,0.8552097428958051,632
740,2,0.8567567567567568,634
741,0,0.8556005398110661,634
742,0,0.8544474393530997,634
743,2,0.8559892328398385,636
744,1,0.8561827956989247,637
745,0,0.8550335570469799,637
746,0,0.853887399463807,637
747,1,0.8540829986613119,638
748,4,0.8582887700534759,642
749,0,0.8571428571428571,642
750,0,0.856,642
751,1,0.8561917443408789,643
752,1,0.8563829787234043,644
753,1,0.8565737051792829,645
754,2,0.8580901856763926,647
755,2,0.8596026490066225,649
756,0,0.8584656084656085,649
757,0,0.857331571994716,649
758,2,0.8588390501319261,651
759,0,0.857707509881423,651
760,2,0.8592105263157894,653
761,2,0.8607095926412615,655
762,0,0.8595800524934383,655
763,1,0.8597640891218873,656
764,0,0.8586387434554974,656
765,1,0.8588235294117647,657
766,0,0.8577023498694517,657
767,0,0.8565840938722294,657
768,0,0.85546875,657
769,0,0.8543563068920677,657
770,2,0.8558441558441559,659
771,2,0.8573281452658884,661
772,2,0.8588082901554405,663
773,4,0.8628719275549805,667
774,1,0.8630490956072352,668
775,0,0.8619354838709677,668
776,0,0.8608247422680413,668
777,0,0.8597168597168597,668
778,1,0.8598971722365039,669
779,0,0.858793324775353,669
780,2,0.8602564102564103,671
781,2,0.8617157490396927,673
782,0,0.860613810741688,673
783,0,0.859514687100894,673
784,2,0.860969387755102,675
785,0,0.8598726114649682,675
786,1,0.8600508905852418,676
787,2,0.8614993646759848,678
788,0,0.8604060913705583,678
789,0,0.8593155893536122,678
790,0,0.8582278481012658,678
791,2,0.8596713021491783,680
792,2,0.8611111111111112,682
793,1,0.8612862547288777,683
794,0,0.8602015113350125,683
795,0,0.8591194968553459,683
796,0,0.8580402010050251,683
797,2,0.8594730238393977,685
798,0,0.8583959899749374,685
799,1,0.8585732165206508,686
800,0,0.8575,686
801,0,0.8564294631710362,686
802,2,0.85785536159601,688
803,0,0.8567870485678705,688
804,0,0.8557213930348259,688
805,2,0.8571428571428571,690
806,0,0.8560794044665012,690
807,0,0.8550185873605948,690
808,1,0.8551980198019802,691
809,1,0.8553770086526576,692
810,2,0.8567901234567902,694
811,1,0.8569667077681874,695
812,4,0.8608374384236454,699
813,1,0.8610086100861009,700
814,0,0.85995085995086,700
815,0,0.8588957055214724,700
816,2,0.8602941176470589,702
817,2,0.8616891064871481,704
818,2,0.863080684596577,706
819,0,0.8620268620268621,706
820,2,0.8634146341463415,708
821,0,0.8623629719853837,708
822,1,0.8625304136253041,709
823,0,0.8614823815309842,709
824,0,0.8604368932038835,709
825,0,0.8593939393939394,709
826,1,0.8595641646489104,710
827,1,0.8597339782345829,711
828,1,0.8599033816425121,712
829,0,0.8588661037394452,712
830,0,0.8578313253012049,712
831,0,0.8567990373044525,712
832,4,0.8605769230769231,716
833,2,0.8619447779111644,718
834,2,0.8633093525179856,720
835,1,0.8634730538922155,721
836,1,0.8636363636363636,722
837,1,0.8637992831541219,723
838,1,0.863961813842482,724
839,0,0.8629320619785459,724
840,1,0.8630952380952381,725
841,2,0.8644470868014269,727
842,0,0.8634204275534442,727
843,0,0.8623962040332147,727
844,2,0.8637440758293838,729
845,0,0.8627218934911243,729
846,0,0.8617021276595744,729
847,2,0.8630460448642266,731
848,0,0.8620283018867925,731
849,0,0.8610129564193169,731
850,1,0.8611764705882353,732
851,1,0.8613396004700352,733
852,1,0.8615023474178404,734
853,0,0.8604923798358733,734
854,0,0.8594847775175644,734
855,2,0.8608187134502924,736
856,0,0.8598130841121495,736
857,1,0.8599766627771295,737
858,0,0.8589743589743589,737
859,0,0.8579743888242142,737
860,0,0.8569767441860465,737
861,0,0.8559814169570267,737
862,1,0.8561484918793504,738
863,1,0.8563151796060255,739
864,0,0.8553240740740741,739
865,0,0.8543352601156069,739
866,0,0.8533487297921478,739
867,0,0.8523644752018454,739
868,1,0.8525345622119815,740
869,0,0.8515535097813579,740
870,2,0.8528735632183908,742
871,1,0.8530424799081515,743
872,0,0.8520642201834863,743
873,2,0.8533791523482245,745
874,0,0.8524027459954233,745
875,1,0.8525714285714285,746
876,0,0.8515981735159818,746
877,2,0.8529076396807298,748
878,2,0.8542141230068337,750
879,0,0.8532423208191127,750
880,3,0.8556818181818182,753
881,1,0.8558456299659478,754
882,1,0.8560090702947846,755
883,2,0.8573046432616082,757
884,1,0.8574660633484162,758
885,1,0.8576271186440678,759
886,0,0.8566591422121896,759
887,2,0.8579481397970687,761
888,2,0.8592342342342343,763
889,1,0.859392575928009,764
890,0,0.8584269662921349,764
891,1,0.8585858585858586,765
892,0,0.8576233183856502,765
893,1,0.8577827547592385,766
894,2,0.8590604026845637,768
895,2,0.8603351955307262,770
896,2,0.8616071428571429,772
897,0,0.8606465997770345,772
898,0,0.8596881959910914,772
899,0,0.8587319243604005,772
900,0,0.8577777777777778,772
901,4,0.8612652608213096,776
902,2,0.8625277161862528,778
903,0,0.8615725359911407,778
904,1,0.8617256637168141,779
905,0,0.8607734806629834,779
906,1,0.8609271523178808,780
907,1,0.8610804851157663,781
908,1,0.8612334801762115,782
909,1,0.8613861386138614,783
910,1,0.8615384615384616,784
911,0,0.8605927552140505,784
912,1,0.8607456140350878,785
913,0,0.859802847754655,785
914,1,0.8599562363238512,786
915,0,0.8590163934426229,786
916,0,0.8580786026200873,786
917,2,0.8593238822246456,788
918,2,0.8605664488017429,790
919,0,0.8596300326441785,790
920,0,0.8586956521739131,790
921,2,0.8599348534201955,792
922,0,0.8590021691973969,792
923,1,0.8591549295774648,793
924,0,0.8582251082251082,793
925,2,0.8594594594594595,795
926,0,0.8585313174946004,795
927,0,0.8576051779935275,795
928,0,0.8566810344827587,795
929,0,0.8557588805166846,795
930,0,0.8548387096774194,795
931,0,0.8539205155746509,795
932,2,0.8551502145922747,797
933,4,0.8585209003215434,801
934,0,0.8576017130620985,801
935,0,0.8566844919786096,801
936,1,0.8568376068376068,802
937,2,0.8580576307363927,804
938,0,0.8571428571428571,804
939,1,0.8572949946751863,805
940,0,0.8563829787234043,805
941,2,0.8575982996811902,807
942,0,0.856687898089172,807
943,0,0.855779427359491,807
944,0,0.8548728813559322,807
945,3,0.8571428571428571,810
946,0,0.8562367864693446,810
947,1,0.856388595564942,811
948,2,0.8575949367088608,813
949,0,0.8566912539515279,813
950,0,0.8557894736842105,813
951,4,0.8590956887486856,817
952,0,0.8581932773109243,817
953,0,0.857292759706191,817
954,0,0.8563941299790356,817
955,0,0.8554973821989529,817
956,3,0.8577405857740585,820
957,1,0.857889237199582,821
958,0,0.8569937369519833,821
959,1,0.8571428571428571,822
960,2,0.8583333333333333,824
961,0,0.8574401664932362,824
962,0,0.8565488565488566,824
963,0,0.8556593977154725,824
964,0,0.8547717842323651,824
965,1,0.8549222797927462,825
966,0,0.8540372670807453,825
967,1,0.8541882109617374,826
968,1,0.8543388429752066,827
969,1,0.8544891640866873,828
970,0,0.8536082474226804,828
971,0,0.8527291452111225,828
972,0,0.8518518518518519,828
973,2,0.8530318602261048,830
974,0,0.8521560574948666,830
975,0,0.8512820512820513,830
976,2,0.8524590163934426,832
977,2,0.8536335721596725,834
978,1,0.8537832310838446,835
979,0,0.8529111338100103,835
980,2,0.8540816326530613,837
981,2,0.855249745158002,839
982,1,0.8553971486761711,840
983,2,0.8565615462868769,842
984,4,0.8597560975609756,846
985,0,0.8588832487309644,846
986,0,0.8580121703853956,846
987,0,0.8571428571428571,846
988,2,0.8582995951417004,848
989,1,0.8584428715874621,849
990,0,0.8575757575757575,849
991,0,0.856710393541877,849
992,0,0.8558467741935484,849
993,0,0.8549848942598187,849
994,0,0.8541247484909457,849
995,2,0.8552763819095477,851
996,0,0.8544176706827309,851
997,2,0.8555667001003009,853
998,0,0.8547094188376754,853
999,2,0.8558558558558559,855
1000,0,0.855,855
1001,0,0.855,855
1002,2,0.857,857
1003,0,0.857,857
1004,1,0.858,858
1005,2,0.856,860
1006,2,0.857,862
1007,2,0.859,864
1008,0,0.858,864
1009,2,0.858,866
1010,2,0.86,868
1011,2,0.862,870
1012,2,0.863,872
1013,0,0.863,872
1014,0,0.862,872
1015,0,0.862,872
1016,0,0.858,872
1017,2,0.859,874
1018,1,0.859,875
1019,1,0.859,876
1020,0,0.859,876
1021,2,0.86,878
1022,0,0.86,878
1023,0,0.86,878
1024,0,0.859,878
1025,2,0.861,880
1026,0,0.859,880
1027,1,0.86,881
1028,3,0.861,884
1029,4,0.862,888
1030,3,0.865,891
1031,0,0.865,891
1032,0,0.864,891
1033,0,0.863,891
1034,0,0.863,891
1035,2,0.864,893
1036,0,0.861,893
1037,0,0.86,893
1038,0,0.858,893
1039,0,0.857,893
1040,2,0.859,895
1041,0,0.859,895
1042,2,0.861,897
1043,2,0.863,899
1044,0,0.863,899
1045,4,0.866,903
1046,0,0.864,903
1047,1,0.863,904
1048,2,0.864,906
1049,3,0.867,909
1050,0,0.863,909
1051,1,0.864,910
1052,4,0.867,914
1053,0,0.867,914
1054,0,0.867,914
1055,2,0.869,916
1056,4,0.872,920
1057,0,0.871,920
1058,1,0.87,921
1059,1,0.87,922
1060,0,0.869,922
1061,0,0.867,922
1062,0,0.867,922
1063,0,0.867,922
1064,0,0.867,922
1065,0,0.866,922
1066,1,0.866,923
1067,0,0.864,923
1068,3,0.866,926
1069,4,0.87,930
1070,1,0.871,931
1071,0,0.87,931
1072,0,0.87,931
1073,2,0.87,933
1074,0,0.87,933
1075,0,0.869,933
1076,0,0.869,933
1077,1,0.869,934
1078,2,0.871,936
1079,1,0.872,937
1080,1,0.872,938
1081,2,0.873,940
1082,1,0.872,941
1083,0,0.872,941
1084,1,0.871,942
1085,0,0.871,942
1086,0,0.869,942
1087,1,0.867,943
1088,1,0.864,944
1089,3,0.867,947
1090,0,0.867,947
1091,2,0.868,949
1092,3,0.867,952
1093,2,0.868,954
1094,0,0.868,954
1095,1,0.868,955
1096,4,0.872,959
1097,2,0.874,961
1098,1,0.875,962
1099,0,0.875,962
1100,0,0.875,962
1101,0,0.875,962
1102,2,0.876,964
1103,0,0.876,964
1104,0,0.875,964
1105,0,0.871,964
1106,0,0.87,964
1107,1,0.871,965
1108,0,0.87,965
1109,0,0.87,965
1110,0,0.87,965
1111,1,0.871,966
1112,1,0.872,967
1113,0,0.871,967
1114,1,0.871,968
1115,1,0.868,969
1116,1,0.869,970
1117,0,0.867,970
1118,4,0.871,974
1119,0,0.869,974
1120,2,0.87,976
1121,1,0.871,977
1122,1,0.872,978
1123,1,0.869,979
1124,1,0.87,980
1125,0,0.87,980
1126,1,0.871,981
1127,1,0.872,982
1128,0,0.871,982
1129,2,0.873,984
1130,2,0.874,986
1131,0,0.872,986
1132,0,0.868,986
1133,0,0.865,986
1134,1,0.866,987
1135,2,0.868,989
1136,0,0.867,989
1137,2,0.869,991
1138,1,0.869,992
1139,4,0.873,996
1140,0,0.872,996
1141,2,0.872,998
1142,0,0.871,998
1143,2,0.873,1000
1144,0,0.872,1000
1145,2,0.874,1002
1146,0,0.872,1002
1147,2,0.873,1004
1148,0,0.871,1004
1149,2,0.873,1006
1150,0,0.873,1006
1151,0,0.873,1006
1152,0,0.871,1006
1153,0,0.871,1006
1154,4,0.875,1010
1155,0,0.875,1010
1156,0,0.875,1010
1157,4,0.879,1014
1158,0,0.879,1014
1159,0,0.879,1014
1160,0,0.879,1014
1161,1,0.879,1015
1162,0,0.879,1015
1163,0,0.878,1015
1164,2,0.878,1017
1165,1,0.879,1018
1166,0,0.879,1018
1167,0,0.878,1018
1168,0,0.877,1018
1169,0,0.874,1018
1170,0,0.872,1018
1171,1,0.873,1019
1172,2,0.875,1021
1173,0,0.873,1021
1174,1,0.874,1022
1175,0,0.874,1022
1176,0,0.87,1022
1177,2,0.871,1024
1178,0,0.871,1024
1179,0,0.87,1024
1180,1,0.871,1025
1181,0,0.87,1025
1182,1,0.868,1026
1183,0,0.868,1026
1184,2,0.866,1028
1185,0,0.866,1028
1186,0,0.866,1028
1187,1,0.867,1029
1188,1,0.868,1030
1189,1,0.869,1031
1190,2,0.871,1033
1191,1,0.871,1034
1192,0,0.871,1034
1193,4,0.874,1038
1194,2,0.876,1040
1195,0,0.875,1040
1196,0,0.874,1040
1197,1,0.874,1041
1198,0,0.872,1041
1199,1,0.873,1042
1200,0,0.872,1042
1201,4,0.876,1046
1202,0,0.874,1046
1203,1,0.875,1047
1204,0,0.875,1047
1205,0,0.873,1047
1206,2,0.874,1049
1207,2,0.874,1051
1208,0,0.872,1051
1209,1,0.872,1052
1210,1,0.873,1053
1211,2,0.874,1055
1212,0,0.873,1055
1213,1,0.874,1056
1214,2,0.875,1058
1215,1,0.874,1059
1216,1,0.873,1060
1217,2,0.874,1062
1218,2,0.876,1064
1219,0,0.874,1064
1220,4,0.878,1068
1221,0,0.877,1068
1222,0,0.876,1068
1223,0,0.872,1068
1224,2,0.874,1070
1225,1,0.875,1071
1226,0,0.875,1071
1227,2,0.877,1073
1228,0,0.877,1073
1229,1,0.878,1074
1230,0,0.875,1074
1231,0,0.875,1074
1232,0,0.875,1074
1233,2,0.876,1076
1234,0,0.875,1076
1235,1,0.875,1077
1236,1,0.876,1078
1237,0,0.874,1078
1238,4,0.876,1082
1239,0,0.876,1082
1240,0,0.873,1082
1241,3,0.876,1085
1242,0,0.875,1085
1243,2,0.877,1087
1244,2,0.879,1089
1245,4,0.881,1093
1246,0,0.88,1093
1247,0,0.88,1093
1248,0,0.879,1093
1249,4,0.882,1097
1250,1,0.879,1098
1251,0,0.879,1098
1252,0,0.877,1098
1253,2,0.879,1100
1254,2,0.881,1102
1255,0,0.881,1102
1256,0,0.879,1102
1257,2,0.881,1104
1258,0,0.881,1104
1259,1,0.882,1105
1260,2,0.883,1107
1261,0,0.881,1107
1262,1,0.882,1108
1263,0,0.882,1108
1264,2,0.883,1110
1265,2,0.885,1112
1266,1,0.886,1113
1267,0,0.886,1113
1268,2,0.887,1115
1269,0,0.887,1115
1270,0,0.887,1115
1271,4,0.891,1119
1272,0,0.89,1119
1273,1,0.89,1120
1274,2,0.892,1122
1275,0,0.892,1122
1276,1,0.893,1123
1277,0,0.893,1123
1278,0,0.889,1123
1279,0,0.889,1123
1280,1,0.889,1124
1281,0,0.887,1124
1282,0,0.887,1124
1283,4,0.891,1128
1284,0,0.889,1128
1285,0,0.889,1128
1286,3,0.891,1131
1287,0,0.889,1131
1288,0,0.889,1131
1289,1,0.89,1132
1290,0,0.89,1132
1291,0,0.89,1132
1292,0,0.89,1132
1293,0,0.889,1132
1294,0,0.887,1132
1295,0,0.887,1132
1296,2,0.888,1134
1297,1,0.887,1135
1298,2,0.885,1137
1299,0,0.884,1137
1300,4,0.887,1141
1301,0,0.887,1141
1302,1,0.888,1142
1303,1,0.889,1143
1304,1,0.89,1144
1305,1,0.891,1145
1306,0,0.891,1145
1307,1,0.892,1146
1308,1,0.893,1147
1309,2,0.891,1149
1310,0,0.89,1149
1311,0,0.89,1149
1312,2,0.891,1151
1313,2,0.893,1153
1314,1,0.894,1154
1315,2,0.896,1156
1316,0,0.896,1156
1317,0,0.893,1156
1318,1,0.894,1157
1319,0,0.894,1157
1320,1,0.893,1158
1321,0,0.892,1158
1322,0,0.891,1158
1323,1,0.888,1159
1324,1,0.889,1160
1325,0,0.885,1160
1326,1,0.884,1161
1327,0,0.883,1161
1328,2,0.885,1163
1329,2,0.887,1165
1330,0,0.887,1165
1331,1,0.887,1166
1332,0,0.885,1166
1333,0,0.885,1166
1334,0,0.882,1166
1335,0,0.88,1166
1336,0,0.876,1166
1337,0,0.874,1166
1338,2,0.876,1168
1339,2,0.877,1170
1340,1,0.878,1171
1341,1,0.876,1172
1342,0,0.874,1172
1343,0,0.873,1172
1344,2,0.875,1174
1345,0,0.875,1174
1346,1,0.876,1175
1347,0,0.875,1175
1348,0,0.875,1175
1349,0,0.873,1175
1350,0,0.873,1175
1351,2,0.873,1177
1352,2,0.875,1179
1353,0,0.873,1179
1354,0,0.871,1179
1355,2,0.872,1181
1356,0,0.872,1181
1357,0,0.871,1181
1358,1,0.872,1182
1359,0,0.869,1182
1360,0,0.867,1182
1361,1,0.867,1183
1362,1,0.867,1184
1363,0,0.866,1184
1364,0,0.865,1184
1365,2,0.867,1186
1366,0,0.867,1186
1367,2,0.869,1188
1368,0,0.869,1188
1369,0,0.868,1188
1370,2,0.87,1190
1371,2,0.872,1192
1372,2,0.873,1194
1373,0,0.873,1194
1374,2,0.874,1196
1375,0,0.874,1196
1376,0,0.874,1196
1377,0,0.873,1196
1378,0,0.87,1196
1379,1,0.871,1197
1380,1,0.87,1198
1381,2,0.872,1200
1382,2,0.874,1202
1383,0,0.874,1202
1384,0,0.874,1202
1385,1,0.871,1203
1386,0,0.871,1203
1387,1,0.872,1204
1388,1,0.873,1205
1389,2,0.873,1207
1390,2,0.873,1209
1391,1,0.874,1210
1392,3,0.877,1213
1393,0,0.876,1213
1394,0,0.874,1213
1395,1,0.875,1214
1396,1,0.875,1215
1397,0,0.875,1215
1398,0,0.875,1215
1399,2,0.873,1217
1400,0,0.873,1217
1401,4,0.875,1221
1402,2,0.877,1223
1403,1,0.878,1224
1404,2,0.876,1226
1405,0,0.876,1226
1406,0,0.875,1226
1407,0,0.875,1226
1408,3,0.878,1229
1409,0,0.877,1229
1410,2,0.878,1231
1411,2,0.879,1233
1412,4,0.882,1237
1413,2,0.884,1239
1414,2,0.885,1241
1415,0,0.885,1241
1416,2,0.886,1243
1417,1,0.887,1244
1418,1,0.888,1245
1419,1,0.888,1246
1420,0,0.888,1246
1421,0,0.886,1246
1422,0,0.885,1246
1423,2,0.887,1248
1424,0,0.885,1248
1425,0,0.885,1248
1426,0,0.885,1248
1427,1,0.886,1249
1428,1,0.887,1250
1429,2,0.889,1252
1430,0,0.888,1252
1431,0,0.886,1252
1432,2,0.888,1254
1433,0,0.888,1254
1434,1,0.889,1255
1435,0,0.889,1255
1436,2,0.891,1257
1437,0,0.891,1257
1438,2,0.893,1259
1439,0,0.892,1259
1440,1,0.893,1260
1441,0,0.892,1260
1442,0,0.892,1260
1443,0,0.892,1260
1444,2,0.894,1262
1445,0,0.894,1262
1446,2,0.896,1264
1447,2,0.898,1266
1448,0,0.898,1266
1449,2,0.896,1268
1450,2,0.898,1270
1451,2,0.9,1272
1452,0,0.899,1272
1453,1,0.9,1273
1454,0,0.9,1273
1455,0,0.899,1273
1456,0,0.897,1273
1457,3,0.897,1276
1458,0,0.895,1276
1459,3,0.898,1279
1460,1,0.899,1280
1461,0,0.899,1280
1462,0,0.898,1280
1463,0,0.896,1280
1464,1,0.897,1281
1465,2,0.899,1283
1466,2,0.901,1285
1467,2,0.903,1287
1468,4,0.904,1291
1469,0,0.904,1291
1470,0,0.904,1291
1471,0,0.902,1291
1472,1,0.899,1292
1473,0,0.898,1292
1474,0,0.896,1292
1475,3,0.899,1295
1476,1,0.9,1296
1477,2,0.901,1298
1478,0,0.901,1298
1479,2,0.901,1300
1480,2,0.903,1302
1481,1,0.904,1303
1482,1,0.905,1304
1483,0,0.903,1304
1484,0,0.903,1304
1485,0,0.903,1304
1486,2,0.901,1306
1487,0,0.901,1306
1488,0,0.898,1306
1489,2,0.899,1308
1490,0,0.898,1308
1491,2,0.9,1310
1492,0,0.9,1310
1493,2,0.902,1312
1494,1,0.902,1313
1495,2,0.904,1315
1496,2,0.906,1317
1497,0,0.906,1317
1498,0,0.905,1317
1499,0,0.905,1317
1500,1,0.906,1318
1501,3,0.908,1321
1502,1,0.906,1322
1503,3,0.906,1325
1504,2,0.907,1327
1505,0,0.907,1327
1506,3,0.91,1330
1507,0,0.91,1330
1508,0,0.909,1330
1509,1,0.908,1331
1510,1,0.908,1332
1511,0,0.908,1332
1512,1,0.907,1333
1513,1,0.907,1334
1514,0,0.906,1334
1515,0,0.906,1334
1516,2,0.908,1336
1517,0,0.908,1336
1518,1,0.908,1337
1519,1,0.909,1338
1520,0,0.906,1338
1521,0,0.906,1338
1522,3,0.908,1341
1523,0,0.907,1341
1524,0,0.906,1341
1525,1,0.907,1342
1526,2,0.908,1344
1527,1,0.907,1345
1528,0,0.905,1345
1529,4,0.909,1349
1530,0,0.909,1349
1531,0,0.908,1349
1532,0,0.907,1349
1533,0,0.906,1349
1534,0,0.906,1349
1535,4,0.91,1353
1536,1,0.911,1354
1537,0,0.909,1354
1538,1,0.908,1355
1539,1,0.909,1356
1540,0,0.907,1356
1541,1,0.908,1357
1542,2,0.909,1359
1543,0,0.907,1359
1544,0,0.906,1359
1545,1,0.907,1360
1546,1,0.904,1361
1547,2,0.905,1363
1548,1,0.903,1364
1549,1,0.904,1365
1550,0,0.902,1365
1551,0,0.902,1365
1552,2,0.904,1367
1553,0,0.904,1367
1554,0,0.903,1367
1555,0,0.901,1367
1556,0,0.901,1367
1557,1,0.902,1368
1558,1,0.902,1369
1559,1,0.901,1370
1560,0,0.9,1370
1561,0,0.898,1370
1562,1,0.899,1371
1563,0,0.898,1371
1564,0,0.898,1371
1565,1,0.898,1372
1566,0,0.896,1372
1567,0,0.893,1372
1568,1,0.893,1373
1569,0,0.893,1373
1570,3,0.895,1376
1571,1,0.895,1377
1572,0,0.895,1377
1573,1,0.892,1378
1574,1,0.893,1379
1575,0,0.893,1379
1576,0,0.893,1379
1577,2,0.891,1381
1578,0,0.891,1381
1579,3,0.893,1384
1580,2,0.894,1386
1581,0,0.894,1386
1582,2,0.895,1388
1583,0,0.895,1388
1584,1,0.896,1389
1585,2,0.898,1391
1586,0,0.898,1391
1587,1,0.898,1392
1588,1,0.899,1393
1589,2,0.901,1395
1590,0,0.899,1395
1591,0,0.897,1395
1592,4,0.898,1399
1593,1,0.897,1400
1594,3,0.9,1403
1595,0,0.898,1403
1596,1,0.898,1404
1597,0,0.898,1404
1598,0,0.896,1404
1599,3,0.898,1407
1600,0,0.898,1407
1601,1,0.897,1408
1602,0,0.897,1408
1603,1,0.898,1409
1604,0,0.895,1409
1605,2,0.896,1411
1606,2,0.898,1413
1607,2,0.9,1415
1608,4,0.902,1419
1609,0,0.9,1419
1610,4,0.904,1423
1611,0,0.902,1423
1612,0,0.9,1423
1613,1,0.901,1424
1614,0,0.9,1424
1615,2,0.902,1426
1616,0,0.9,1426
1617,0,0.899,1426
1618,4,0.903,1430
1619,0,0.903,1430
1620,3,0.905,1433
1621,1,0.904,1434
1622,2,0.906,1436
1623,0,0.905,1436
1624,0,0.905,1436
1625,1,0.904,1437
1626,0,0.904,1437
1627,2,0.904,1439
1628,2,0.906,1441
1629,0,0.906,1441
1630,0,0.906,1441
1631,1,0.907,1442
1632,2,0.907,1444
1633,2,0.909,1446
1634,0,0.909,1446
1635,2,0.911,1448
1636,0,0.91,1448
1637,0,0.91,1448
1638,1,0.909,1449
1639,2,0.911,1451
1640,1,0.912,1452
1641,4,0.915,1456
1642,1,0.914,1457
1643,2,0.916,1459
1644,4,0.92,1463
1645,2,0.919,1465
1646,0,0.918,1465
1647,3,0.919,1468
1648,0,0.919,1468
1649,0,0.918,1468
1650,0,0.918,1468
1651,0,0.918,1468
1652,0,0.914,1468
1653,2,0.916,1470
1654,2,0.918,1472
1655,0,0.916,1472
1656,1,0.915,1473
1657,2,0.915,1475
1658,0,0.914,1475
1659,1,0.915,1476
1660,4,0.919,1480
1661,0,0.919,1480
1662,0,0.919,1480
1663,1,0.92,1481
1664,2,0.921,1483
1665,0,0.921,1483
1666,0,0.921,1483
1667,2,0.923,1485
1668,0,0.923,1485
1669,3,0.922,1488
1670,1,0.923,1489
1671,2,0.925,1491
1672,3,0.927,1494
1673,0,0.926,1494
1674,0,0.924,1494
1675,0,0.922,1494
1676,0,0.921,1494
1677,1,0.92,1495
1678,1,0.921,1496
1679,0,0.919,1496
1680,0,0.918,1496
1681,2,0.92,1498
1682,1,0.921,1499
1683,2,0.923,1501
1684,1,0.924,1502
1685,0,0.924,1502
1686,3,0.925,1505
1687,1,0.924,1506
1688,2,0.925,1508
1689,2,0.927,1510
1690,0,0.927,1510
1691,0,0.927,1510
1692,2,0.929,1512
1693,0,0.925,1512
1694,2,0.923,1514
1695,0,0.923,1514
1696,0,0.921,1514
1697,1,0.921,1515
1698,1,0.922,1516
1699,0,0.92,1516
1700,0,0.919,1516
1701,0,0.916,1516
1702,0,0.915,1516
1703,2,0.916,1518
1704,1,0.915,1519
1705,0,0.915,1519
1706,2,0.915,1521
1707,0,0.914,1521
1708,0,0.913,1521
1709,2,0.914,1523
1710,1,0.914,1524
1711,0,0.914,1524
1712,1,0.915,1525
1713,0,0.913,1525
1714,2,0.914,1527
1715,0,0.913,1527
1716,0,0.913,1527
1717,2,0.914,1529
1718,1,0.915,1530
1719,0,0.914,1530
1720,1,0.913,1531
1721,2,0.915,1533
1722,1,0.916,1534
1723,2,0.916,1536
1724,1,0.916,1537
1725,0,0.916,1537
1726,1,0.917,1538
1727,1,0.917,1539
1728,0,0.916,1539
1729,1,0.916,1540
1730,4,0.92,1544
1731,0,0.918,1544
1732,1,0.919,1545
1733,2,0.919,1547
1734,0,0.917,1547
1735,2,0.919,1549
1736,0,0.919,1549
1737,1,0.919,1550
1738,2,0.92,1552
1739,2,0.922,1554
1740,1,0.921,1555
1741,0,0.921,1555
1742,1,0.922,1556
1743,1,0.921,1557
1744,1,0.921,1558
1745,1,0.922,1559
1746,2,0.924,1561
1747,0,0.923,1561
1748,2,0.921,1563
1749,2,0.923,1565
1750,0,0.923,1565
1751,2,0.924,1567
1752,3,0.926,1570
1753,1,0.926,1571
1754,1,0.925,1572
1755,0,0.923,1572
1756,0,0.923,1572
1757,3,0.926,1575
1758,1,0.925,1576
1759,1,0.926,1577
1760,0,0.924,1577
1761,0,0.922,1577
1762,0,0.922,1577
1763,1,0.922,1578
1764,0,0.922,1578
1765,1,0.922,1579
1766,2,0.924,1581
1767,4,0.928,1585
1768,4,0.932,1589
1769,0,0.932,1589
1770,0,0.93,1589
1771,0,0.928,1589
1772,2,0.928,1591
1773,0,0.924,1591
1774,0,0.923,1591
1775,0,0.923,1591
1776,4,0.927,1595
1777,0,0.927,1595
1778,1,0.927,1596
1779,1,0.928,1597
1780,0,0.926,1597
1781,1,0.925,1598
1782,0,0.925,1598
1783,0,0.925,1598
1784,1,0.924,1599
1785,3,0.927,1602
1786,2,0.928,1604
1787,2,0.928,1606
1788,0,0.928,1606
1789,0,0.928,1606
1790,1,0.929,1607
1791,0,0.927,1607
1792,2,0.927,1609
1793,2,0.928,1611
1794,0,0.928,1611
1795,2,0.93,1613
1796,0,0.93,1613
1797,3,0.931,1616
1798,2,0.933,1618
1799,0,0.932,1618
1800,0,0.932,1618
1801,4,0.936,1622
1802,0,0.934,1622
1803,0,0.934,1622
1804,0,0.934,1622
1805,1,0.933,1623
1806,1,0.934,1624
1807,0,0.934,1624
1808,0,0.933,1624
1809,2,0.934,1626
1810,0,0.932,1626
1811,0,0.931,1626
1812,1,0.928,1627
1813,0,0.927,1627
1814,0,0.927,1627
1815,0,0.927,1627
1816,0,0.925,1627
1817,1,0.924,1628
1818,0,0.922,1628
1819,0,0.922,1628
1820,0,0.92,1628
1821,0,0.92,1628
1822,1,0.92,1629
1823,2,0.922,1631
1824,2,0.924,1633
1825,0,0.924,1633
1826,0,0.923,1633
1827,0,0.922,1633
1828,0,0.921,1633
1829,1,0.922,1634
1830,1,0.923,1635
1831,1,0.924,1636
1832,0,0.92,1636
1833,0,0.918,1636
1834,3,0.919,1639
1835,2,0.92,1641
1836,0,0.919,1641
1837,0,0.918,1641
1838,3,0.92,1644
1839,1,0.921,1645
1840,0,0.92,1645
1841,3,0.921,1648
1842,3,0.924,1651
1843,2,0.926,1653
1844,0,0.924,1653
1845,3,0.927,1656
1846,0,0.927,1656
1847,1,0.926,1657
1848,1,0.927,1658
1849,2,0.929,1660
1850,1,0.929,1661
1851,2,0.93,1663
1852,0,0.929,1663
1853,2,0.931,1665
1854,0,0.931,1665
1855,0,0.929,1665
1856,0,0.929,1665
1857,1,0.929,1666
1858,1,0.93,1667
1859,0,0.93,1667
1860,0,0.93,1667
1861,1,0.931,1668
1862,0,0.93,1668
1863,1,0.93,1669
1864,3,0.933,1672
1865,0,0.933,1672
1866,0,0.933,1672
1867,0,0.933,1672
1868,0,0.932,1672
1869,1,0.933,1673
1870,1,0.932,1674
1871,0,0.931,1674
1872,1,0.932,1675
1873,4,0.934,1679
1874,0,0.934,1679
1875,0,0.933,1679
1876,0,0.933,1679
1877,1,0.932,1680
1878,2,0.932,1682
1879,1,0.933,1683
1880,2,0.932,1685
1881,0,0.931,1685
1882,2,0.932,1687
1883,0,0.93,1687
1884,0,0.929,1687
1885,0,0.928,1687
1886,1,0.929,1688
1887,0,0.927,1688
1888,0,0.925,1688
1889,1,0.925,1689
1890,0,0.925,1689
1891,2,0.926,1691
1892,4,0.93,1695
1893,1,0.93,1696
1894,2,0.93,1698
1895,3,0.931,1701
1896,1,0.93,1702
1897,0,0.93,1702
1898,2,0.932,1704
1899,1,0.933,1705
1900,0,0.933,1705
1901,0,0.929,1705
1902,2,0.929,1707
1903,2,0.931,1709
1904,0,0.93,1709
1905,0,0.93,1709
1906,1,0.93,1710
1907,1,0.93,1711
1908,4,0.933,1715
1909,0,0.932,1715
1910,1,0.932,1716
1911,3,0.935,1719
1912,3,0.937,1722
1913,0,0.937,1722
1914,0,0.936,1722
1915,1,0.937,1723
1916,1,0.938,1724
1917,0,0.936,1724
1918,3,0.937,1727
1919,0,0.937,1727
1920,3,0.94,1730
1921,0,0.938,1730
1922,0,0.938,1730
1923,0,0.937,1730
1924,0,0.937,1730
1925,0,0.935,1730
1926,3,0.938,1733
1927,1,0.939,1734
1928,1,0.94,1735
1929,0,0.94,1735
1930,1,0.941,1736
1931,2,0.943,1738
1932,2,0.943,1740
1933,0,0.939,1740
1934,2,0.941,1742
1935,1,0.942,1743
1936,0,0.941,1743
1937,0,0.939,1743
1938,1,0.94,1744
1939,0,0.939,1744
1940,0,0.939,1744
1941,0,0.937,1744
1942,1,0.938,1745
1943,4,0.942,1749
1944,0,0.942,1749
1945,2,0.941,1751
1946,4,0.945,1755
1947,0,0.944,1755
1948,1,0.943,1756
1949,0,0.943,1756
1950,0,0.943,1756
1951,0,0.939,1756
1952,1,0.94,1757
1953,0,0.94,1757
1954,0,0.94,1757
1955,0,0.94,1757
1956,3,0.94,1760
1957,0,0.939,1760
1958,0,0.939,1760
1959,0,0.938,1760
1960,2,0.938,1762
1961,2,0.94,1764
1962,0,0.94,1764
1963,0,0.94,1764
1964,1,0.941,1765
1965,0,0.94,1765
1966,0,0.94,1765
1967,0,0.939,1765
1968,2,0.94,1767
1969,2,0.941,1769
1970,0,0.941,1769
1971,1,0.942,1770
1972,0,0.942,1770
1973,0,0.94,1770
1974,0,0.94,1770
1975,1,0.941,1771
1976,0,0.939,1771
1977,1,0.938,1772
1978,4,0.941,1776
1979,0,0.941,1776
1980,0,0.939,1776
1981,2,0.939,1778
1982,2,0.94,1780
1983,2,0.94,1782
1984,2,0.938,1784
1985,2,0.94,1786
1986,4,0.944,1790
1987,1,0.945,1791
1988,2,0.945,1793
1989,0,0.944,1793
1990,0,0.944,1793
1991,2,0.946,1795
1992,2,0.948,1797
1993,0,0.948,1797
1994,0,0.948,1797
1995,0,0.946,1797
1996,1,0.947,1798
1997,2,0.947,1800
1998,0,0.947,1800
1999,0,0.945,1800
2000,1,0.946,1801
2001,1,0.947,1802
2002,0,0.945,1802
2003,0,0.945,1802
2004,2,0.946,1804
2005,1,0.945,1805
2006,2,0.945,1807
2007,1,0.944,1808
2008,1,0.945,1809
2009,1,0.944,1810
2010,0,0.942,1810
2011,0,0.94,1810
2012,0,0.938,1810
2013,1,0.939,1811
2014,0,0.939,1811
2015,0,0.939,1811
2016,2,0.941,1813
2017,2,0.941,1815
2018,1,0.941,1816
2019,1,0.941,1817
2020,2,0.943,1819
2021,1,0.942,1820
2022,0,0.942,1820
2023,0,0.942,1820
2024,0,0.942,1820
2025,1,0.941,1821
2026,0,0.941,1821
2027,0,0.94,1821
2028,2,0.939,1823
2029,0,0.935,1823
2030,4,0.936,1827
2031,1,0.937,1828
2032,0,0.937,1828
2033,0,0.937,1828
2034,0,0.937,1828
2035,2,0.937,1830
2036,2,0.939,1832
2037,2,0.941,1834
2038,0,0.941,1834
2039,2,0.943,1836
2040,0,0.941,1836
2041,0,0.941,1836
2042,2,0.941,1838
2043,0,0.939,1838
2044,0,0.939,1838
2045,1,0.936,1839
2046,0,0.936,1839
2047,2,0.937,1841
2048,0,0.935,1841
2049,0,0.932,1841
2050,0,0.932,1841
2051,0,0.931,1841
2052,4,0.931,1845
2053,0,0.931,1845
2054,2,0.933,1847
2055,2,0.933,1849
2056,2,0.931,1851
2057,0,0.931,1851
2058,0,0.93,1851
2059,0,0.929,1851
2060,2,0.931,1853
2061,1,0.932,1854
2062,0,0.932,1854
2063,0,0.932,1854
2064,0,0.932,1854
2065,1,0.933,1855
2066,1,0.933,1856
2067,0,0.933,1856
2068,3,0.933,1859
2069,2,0.931,1861
2070,0,0.93,1861
2071,0,0.93,1861
2072,0,0.93,1861
2073,0,0.928,1861
2074,1,0.929,1862
2075,2,0.931,1864
2076,0,0.931,1864
2077,3,0.933,1867
2078,0,0.931,1867
2079,1,0.931,1868
2080,0,0.93,1868
2081,4,0.932,1872
2082,1,0.932,1873
2083,2,0.934,1875
2084,0,0.933,1875
2085,0,0.933,1875
2086,3,0.936,1878
2087,0,0.935,1878
2088,0,0.934,1878
2089,2,0.933,1880
2090,1,0.934,1881
2091,0,0.932,1881
2092,0,0.929,1881
2093,1,0.928,1882
2094,2,0.93,1884
2095,1,0.93,1885
2096,0,0.926,1885
2097,0,0.924,1885
2098,0,0.923,1885
2099,2,0.925,1887
2100,0,0.925,1887
2101,2,0.927,1889
2102,2,0.927,1891
2103,0,0.927,1891
2104,0,0.927,1891
2105,2,0.929,1893
2106,0,0.929,1893
2107,2,0.93,1895
2108,2,0.932,1897
2109,2,0.934,1899
2110,2,0.936,1901
2111,0,0.935,1901
2112,0,0.934,1901
2113,0,0.934,1901
2114,1,0.934,1902
2115,0,0.933,1902
2116,2,0.934,1904
2117,0,0.934,1904
2118,4,0.934,1908
2119,0,0.934,1908
2120,0,0.932,1908
2121,1,0.932,1909
2122,1,0.932,1910
2123,2,0.933,1912
2124,2,0.934,1914
2125,2,0.936,1916
2126,2,0.937,1918
2127,0,0.936,1918
2128,2,0.938,1920
2129,1,0.937,1921
2130,0,0.935,1921
2131,0,0.935,1921
2132,1,0.936,1922
2133,0,0.936,1922
2134,2,0.937,1924
2135,1,0.936,1925
2136,0,0.936,1925
2137,0,0.934,1925
2138,1,0.934,1926
2139,1,0.931,1927
2140,2,0.933,1929
2141,2,0.933,1931
2142,2,0.935,1933
2143,0,0.933,1933
2144,1,0.934,1934
2145,1,0.933,1935
2146,2,0.935,1937
2147,2,0.935,1939
2148,1,0.936,1940
2149,2,0.936,1942
2150,0,0.936,1942
2151,0,0.936,1942
2152,0,0.936,1942
2153,0,0.936,1942
2154,0,0.932,1942
2155,1,0.933,1943
2156,0,0.933,1943
2157,0,0.929,1943
2158,4,0.933,1947
2159,4,0.937,1951
2160,0,0.937,1951
2161,1,0.937,1952
2162,2,0.939,1954
2163,2,0.941,1956
2164,0,0.939,1956
2165,1,0.939,1957
2166,2,0.941,1959
2167,2,0.943,1961
2168,0,0.943,1961
2169,2,0.945,1963
2170,0,0.945,1963
2171,4,0.948,1967
2172,2,0.948,1969
2173,1,0.949,1970
2174,0,0.948,1970
2175,0,0.948,1970
2176,1,0.949,1971
2177,0,0.947,1971
2178,2,0.949,1973
2179,1,0.95,1974
2180,2,0.951,1976
2181,2,0.953,1978
2182,1,0.953,1979
2183,0,0.953,1979
2184,4,0.955,1983
2185,0,0.955,1983
2186,0,0.955,1983
2187,2,0.956,1985
2188,0,0.955,1985
2189,2,0.956,1987
2190,2,0.956,1989
2191,0,0.955,1989
2192,1,0.956,1990
2193,0,0.952,1990
2194,0,0.95,1990
2195,0,0.95,1990
2196,1,0.951,1991
2197,2,0.952,1993
2198,0,0.952,1993
2199,0,0.951,1993
2200,0,0.951,1993
2201,2,0.949,1995
2202,0,0.949,1995
2203,0,0.948,1995
2204,2,0.95,1997
2205,0,0.95,1997
2206,2,0.95,1999
2207,0,0.948,1999
2208,0,0.948,1999
2209,2,0.949,2001
2210,0,0.948,2001
2211,0,0.946,2001
2212,2,0.948,2003
2213,0,0.947,2003
2214,4,0.949,2007
2215,2,0.95,2009
2216,4,0.953,2013
2217,1,0.952,2014
2218,0,0.95,2014
2219,1,0.951,2015
2220,2,0.949,2017
2221,0,0.949,2017
2222,0,0.949,2017
2223,0,0.949,2017
2224,2,0.949,2019
2225,2,0.95,2021
2226,2,0.952,2023
2227,1,0.951,2024
2228,0,0.951,2024
2229,0,0.95,2024
2230,0,0.95,2024
2231,0,0.95,2024
2232,0,0.95,2024
2233,2,0.95,2026
2234,0,0.95,2026
2235,4,0.953,2030
2236,0,0.952,2030
2237,0,0.952,2030
2238,0,0.948,2030
2239,0,0.948,2030
2240,2,0.95,2032
2241,0,0.947,2032
2242,4,0.951,2036
2243,0,0.949,2036
2244,0,0.947,2036
2245,0,0.943,2036
2246,3,0.946,2039
2247,0,0.946,2039
2248,2,0.948,2041
2249,0,0.944,2041
2250,2,0.945,2043
2251,1,0.946,2044
2252,1,0.947,2045
2253,2,0.947,2047
2254,1,0.946,2048
2255,0,0.946,2048
2256,1,0.947,2049
2257,4,0.949,2053
2258,0,0.949,2053
2259,2,0.95,2055
2260,0,0.948,2055
2261,0,0.948,2055
2262,0,0.947,2055
2263,0,0.947,2055
2264,4,0.949,2059
2265,3,0.95,2062
2266,0,0.949,2062
2267,0,0.949,2062
2268,1,0.948,2063
2269,1,0.949,2064
2270,0,0.949,2064
2271,1,0.946,2065
2272,2,0.948,2067
2273,2,0.949,2069
2274,1,0.948,2070
2275,2,0.95,2072
2276,0,0.949,2072
2277,1,0.95,2073
2278,1,0.951,2074
2279,1,0.952,2075
2280,0,0.951,2075
2281,0,0.951,2075
2282,0,0.951,2075
2283,0,0.947,2075
2284,0,0.947,2075
2285,2,0.949,2077
2286,2,0.948,2079
2287,2,0.95,2081
2288,2,0.952,2083
2289,0,0.951,2083
2290,1,0.952,2084
2291,0,0.952,2084
2292,0,0.952,2084
2293,0,0.952,2084
2294,2,0.954,2086
2295,0,0.954,2086
2296,0,0.952,2086
2297,1,0.952,2087
2298,0,0.95,2087
2299,0,0.95,2087
2300,2,0.948,2089
2301,0,0.948,2089
2302,2,0.949,2091
2303,0,0.948,2091
2304,1,0.948,2092
2305,1,0.948,2093
2306,0,0.948,2093
2307,1,0.948,2094
2308,4,0.951,2098
2309,0,0.949,2098
2310,0,0.949,2098
2311,2,0.951,2100
2312,4,0.953,2104
2313,2,0.953,2106
2314,1,0.953,2107
2315,1,0.952,2108
2316,0,0.952,2108
2317,2,0.954,2110
2318,1,0.954,2111
2319,2,0.956,2113
2320,1,0.956,2114
2321,1,0.957,2115
2322,0,0.957,2115
2323,2,0.958,2117
2324,0,0.957,2117
2325,0,0.957,2117
2326,0,0.956,2117
2327,0,0.956,2117
2328,2,0.956,2119
2329,0,0.954,2119
2330,1,0.955,2120
2331,1,0.955,2121
2332,0,0.955,2121
2333,0,0.955,2121
2334,1,0.956,2122
2335,3,0.959,2125
2336,3,0.962,2128
2337,0,0.962,2128
2338,0,0.96,2128
2339,2,0.96,2130
2340,4,0.963,2134
2341,0,0.962,2134
2342,1,0.963,2135
2343,1,0.964,2136
2344,2,0.964,2138
2345,0,0.964,2138
2346,0,0.963,2138
2347,0,0.963,2138
2348,1,0.964,2139
2349,1,0.965,2140
2350,1,0.966,2141
2351,0,0.964,2141
2352,2,0.964,2143
2353,1,0.965,2144
2354,0,0.965,2144
2355,2,0.965,2146
2356,1,0.966,2147
2357,0,0.966,2147
2358,4,0.969,2151
2359,0,0.969,2151
2360,1,0.97,2152
2361,1,0.97,2153
2362,1,0.97,2154
2363,2,0.972,2156
2364,1,0.973,2157
2365,0,0.971,2157
2366,2,0.973,2159
2367,1,0.972,2160
2368,2,0.974,2162
2369,0,0.974,2162
2370,0,0.972,2162
2371,4,0.974,2166
2372,2,0.974,2168
2373,2,0.976,2170
2374,0,0.974,2170
2375,2,0.976,2172
2376,2,0.978,2174
2377,1,0.979,2175
2378,3,0.982,2178
2379,0,0.981,2178
2380,4,0.984,2182
2381,2,0.984,2184
2382,1,0.983,2185
2383,3,0.986,2188
2384,0,0.986,2188
2385,0,0.985,2188
2386,2,0.987,2190
2387,4,0.99,2194
2388,1,0.99,2195
2389,0,0.988,2195
2390,2,0.988,2197
2391,0,0.987,2197
2392,2,0.986,2199
2393,1,0.987,2200
2394,0,0.987,2200
2395,0,0.986,2200
2396,1,0.986,2201
2397,0,0.986,2201
2398,0,0.986,2201
2399,2,0.986,2203
2400,0,0.986,2203
2401,1,0.983,2204
2402,0,0.981,2204
2403,3,0.983,2207
2404,1,0.982,2208
2405,1,0.983,2209
2406,1,0.984,2210
2407,4,0.988,2214
2408,1,0.986,2215
2409,0,0.986,2215
2410,1,0.985,2216
2411,2,0.985,2218
2412,0,0.981,2218
2413,2,0.981,2220
2414,2,0.981,2222
2415,0,0.981,2222
2416,2,0.981,2224
2417,1,0.981,2225
2418,0,0.98,2225
2419,2,0.981,2227
2420,1,0.982,2228
2421,3,0.985,2231
2422,2,0.987,2233
2423,2,0.987,2235
2424,0,0.987,2235
2425,1,0.988,2236
2426,2,0.99,2238
2427,0,0.989,2238
2428,2,0.99,2240
2429,0,0.988,2240
2430,0,0.988,2240
2431,1,0.989,2241
2432,2,0.989,2243
2433,2,0.991,2245
2434,1,0.991,2246
2435,0,0.991,2246
2436,0,0.989,2246
2437,0,0.989,2246
2438,2,0.989,2248
2439,0,0.989,2248
2440,2,0.99,2250
2441,0,0.99,2250
2442,0,0.99,2250
2443,0,0.99,2250
2444,0,0.988,2250
2445,1,0.989,2251
2446,0,0.987,2251
2447,1,0.986,2252
2448,3,0.989,2255
2449,2,0.989,2257
2450,0,0.987,2257
2451,0,0.985,2257
2452,0,0.985,2257
2453,0,0.984,2257
2454,0,0.984,2257
2455,1,0.985,2258
2456,0,0.985,2258
2457,0,0.982,2258
2458,3,0.985,2261
2459,0,0.982,2261
2460,1,0.982,2262
2461,1,0.983,2263
2462,0,0.983,2263
2463,0,0.983,2263
2464,0,0.982,2263
2465,1,0.981,2264
2466,0,0.979,2264
2467,1,0.978,2265
2468,0,0.974,2265
2469,1,0.975,2266
2470,0,0.975,2266
2471,1,0.976,2267
2472,1,0.976,2268
2473,0,0.976,2268
2474,2,0.978,2270
2475,0,0.975,2270
2476,0,0.974,2270
2477,0,0.972,2270
2478,0,0.972,2270
2479,0,0.97,2270
2480,0,0.968,2270
2481,0,0.967,2270
2482,0,0.966,2270
2483,0,0.966,2270
2484,1,0.967,2271
2485,1,0.968,2272
2486,0,0.966,2272
2487,0,0.966,2272
2488,0,0.966,2272
2489,0,0.964,2272
2490,2,0.966,2274
2491,1,0.965,2275
2492,1,0.966,2276
2493,1,0.965,2277
2494,1,0.965,2278
2495,0,0.963,2278
2496,1,0.962,2279
2497,0,0.962,2279
2498,1,0.963,2280
2499,3,0.966,2283
2500,2,0.967,2285
2501,0,0.964,2285
2502,3,0.966,2288
2503,1,0.964,2289
2504,0,0.962,2289
2505,1,0.963,2290
2506,1,0.961,2291
2507,0,0.961,2291
2508,0,0.961,2291
2509,0,0.96,2291
2510,2,0.961,2293
2511,0,0.961,2293
2512,1,0.961,2294
2513,2,0.962,2296
2514,2,0.964,2298
2515,0,0.964,2298
2516,1,0.963,2299
2517,0,0.963,2299
2518,2,0.964,2301
2519,1,0.964,2302
2520,3,0.967,2305
2521,2,0.969,2307
2522,3,0.969,2310
2523,1,0.97,2311
2524,0,0.97,2311
2525,2,0.971,2313
2526,1,0.97,2314
2527,4,0.973,2318
2528,0,0.973,2318
2529,0,0.969,2318
2530,0,0.969,2318
2531,0,0.969,2318
2532,1,0.97,2319
2533,1,0.971,2320
2534,4,0.975,2324
2535,0,0.971,2324
2536,1,0.971,2325
2537,2,0.973,2327
2538,1,0.973,2328
2539,0,0.972,2328
2540,1,0.973,2329
2541,2,0.974,2331
2542,2,0.974,2333
2543,2,0.976,2335
2544,0,0.976,2335
2545,0,0.975,2335
2546,1,0.975,2336
2547,3,0.976,2339
2548,1,0.976,2340
2549,2,0.977,2342
2550,1,0.978,2343
2551,1,0.979,2344
2552,0,0.977,2344
2553,4,0.981,2348
2554,0,0.981,2348
2555,2,0.983,2350
2556,2,0.985,2352
2557,0,0.984,2352
2558,2,0.985,2354
2559,1,0.985,2355
2560,1,0.986,2356
2561,2,0.988,2358
2562,1,0.988,2359
2563,0,0.988,2359
2564,4,0.992,2363
2565,2,0.993,2365
2566,1,0.994,2366
2567,0,0.994,2366
2568,1,0.994,2367
2569,1,0.995,2368
2570,1,0.993,2369
2571,0,0.992,2369
2572,0,0.992,2369
2573,2,0.993,2371
2574,4,0.996,2375
2575,0,0.996,2375
2576,2,0.998,2377
2577,1,0.997,2378
2578,3,1.0,2381
2579,3,1.0,2384
2580,0,0.998,2384
2581,1,0.999,2385
2582,1,0.998,2386
2583,1,0.999,2387
2584,3,1.001,2390
2585,0,0.999,2390
2586,1,1.0,2391
2587,2,1.001,2393
2588,3,1.003,2396
2589,4,1.005,2400
2590,2,1.007,2402
2591,1,1.008,2403
2592,0,1.004,2403
2593,0,1.003,2403
2594,1,1.001,2404
2595,0,1.001,2404
2596,1,1.001,2405
2597,0,1.001,2405
2598,2,1.003,2407
2599,2,1.002,2409
2600,0,1.002,2409
2601,1,1.002,2410
2602,0,1.002,2410
2603,0,1.001,2410
2604,2,1.003,2412
2605,2,1.003,2414
2606,0,1.001,2414
2607,2,1.001,2416
2608,2,0.999,2418
2609,4,1.003,2422
2610,0,0.999,2422
2611,0,0.999,2422
2612,1,1.0,2423
2613,2,1.001,2425
2614,0,1.001,2425
2615,1,1.0,2426
2616,2,1.002,2428
2617,1,1.003,2429
2618,0,0.999,2429
2619,2,1.001,2431
2620,1,0.999,2432
2621,2,1.0,2434
2622,0,0.998,2434
2623,0,0.998,2434
2624,0,0.998,2434
2625,1,0.998,2435
2626,0,0.998,2435
2627,0,0.996,2435
2628,2,0.996,2437
2629,0,0.996,2437
2630,4,1.0,2441
2631,4,1.003,2445
2632,2,1.003,2447
2633,3,1.004,2450
2634,3,1.007,2453
2635,2,1.007,2455
2636,1,1.008,2456
2637,0,1.008,2456
2638,0,1.007,2456
2639,2,1.007,2458
2640,1,1.007,2459
2641,0,1.003,2459
2642,1,1.003,2460
2643,2,1.003,2462
2644,2,1.001,2464
2645,0,0.999,2464
2646,1,1.0,2465
2647,2,0.999,2467
2648,0,0.999,2467
2649,3,1.002,2470
2650,0,1.002,2470
2651,2,1.004,2472
2652,0,1.004,2472
2653,3,1.005,2475
2654,1,1.004,2476
2655,2,1.006,2478
2656,0,1.005,2478
2657,0,1.003,2478
2658,1,1.004,2479
2659,0,1.003,2479
2660,0,0.999,2479
2661,3,1.002,2482
2662,2,1.004,2484
2663,1,1.004,2485
2664,2,1.004,2487
2665,0,1.004,2487
2666,2,1.006,2489
2667,0,1.004,2489
2668,0,1.004,2489
2669,4,1.005,2493
2670,0,1.004,2493
2671,2,1.004,2495
2672,2,1.003,2497
2673,1,1.004,2498
2674,2,1.006,2500
2675,2,1.008,2502
2676,2,1.01,2504
2677,2,1.011,2506
2678,1,1.011,2507
2679,0,1.011,2507
2680,2,1.013,2509
2681,0,1.011,2509
2682,0,1.01,2509
2683,4,1.012,2513
2684,4,1.015,2517
2685,1,1.016,2518
2686,2,1.015,2520
2687,1,1.015,2521
2688,0,1.013,2521
2689,2,1.013,2523
2690,2,1.015,2525
2691,0,1.015,2525
2692,1,1.014,2526
2693,0,1.014,2526
2694,1,1.013,2527
2695,0,1.013,2527
2696,0,1.013,2527
2697,2,1.014,2529
2698,2,1.015,2531
2699,2,1.017,2533
2700,0,1.017,2533
2701,1,1.018,2534
2702,0,1.018,2534
2703,2,1.018,2536
2704,3,1.02,2539
2705,0,1.02,2539
2706,0,1.018,2539
2707,0,1.018,2539
2708,0,1.018,2539
2709,0,1.016,2539
2710,0,1.015,2539
2711,0,1.015,2539
2712,0,1.014,2539
2713,2,1.016,2541
2714,1,1.015,2542
2715,2,1.017,2544
2716,0,1.017,2544
2717,0,1.015,2544
2718,0,1.014,2544
2719,3,1.017,2547
2720,1,1.017,2548
2721,0,1.015,2548
2722,1,1.015,2549
2723,2,1.015,2551
2724,1,1.015,2552
2725,0,1.015,2552
2726,4,1.018,2556
2727,4,1.021,2560
2728,0,1.021,2560
2729,0,1.02,2560
2730,0,1.016,2560
2731,2,1.018,2562
2732,0,1.017,2562
2733,0,1.015,2562
2734,0,1.015,2562
2735,0,1.013,2562
2736,4,1.017,2566
2737,1,1.017,2567
2738,0,1.015,2567
2739,0,1.013,2567
2740,0,1.012,2567
2741,2,1.014,2569
2742,0,1.013,2569
2743,1,1.013,2570
2744,0,1.012,2570
2745,2,1.013,2572
2746,4,1.015,2576
2747,0,1.015,2576
2748,2,1.015,2578
2749,2,1.015,2580
2750,1,1.016,2581
2751,1,1.015,2582
2752,0,1.012,2582
2753,0,1.011,2582
2754,0,1.01,2582
2755,2,1.012,2584
2756,4,1.016,2588
2757,1,1.014,2589
2758,2,1.015,2591
2759,1,1.015,2592
2760,4,1.019,2596
2761,0,1.019,2596
2762,2,1.021,2598
2763,1,1.021,2599
2764,2,1.023,2601
2765,1,1.023,2602
2766,0,1.021,2602
2767,0,1.017,2602
2768,1,1.014,2603
2769,2,1.016,2605
2770,1,1.017,2606
2771,0,1.017,2606
2772,2,1.017,2608
2773,2,1.019,2610
2774,0,1.019,2610
2775,1,1.02,2611
2776,2,1.018,2613
2777,2,1.02,2615
2778,2,1.021,2617
2779,2,1.022,2619
2780,0,1.022,2619
2781,0,1.021,2619
2782,0,1.021,2619
2783,2,1.023,2621
2784,0,1.022,2621
2785,2,1.021,2623
2786,1,1.02,2624
2787,0,1.018,2624
2788,1,1.019,2625
2789,4,1.023,2629
2790,0,1.022,2629
2791,0,1.022,2629
2792,0,1.02,2629
2793,0,1.018,2629
2794,1,1.019,2630
2795,0,1.017,2630
2796,0,1.017,2630
2797,3,1.017,2633
2798,3,1.018,2636
2799,1,1.019,2637
2800,1,1.02,2638
2801,1,1.017,2639
2802,3,1.02,2642
2803,4,1.024,2646
2804,0,1.024,2646
2805,0,1.023,2646
2806,0,1.022,2646
2807,0,1.022,2646
2808,0,1.022,2646
2809,4,1.024,2650
2810,3,1.027,2653
2811,1,1.028,2654
2812,2,1.029,2656
2813,1,1.03,2657
2814,1,1.031,2658
2815,0,1.031,2658
2816,3,1.034,2661
2817,2,1.035,2663
2818,4,1.039,2667
2819,0,1.039,2667
2820,0,1.039,2667
2821,1,1.04,2668
2822,4,1.043,2672
2823,0,1.041,2672
2824,0,1.039,2672
2825,2,1.041,2674
2826,0,1.041,2674
2827,3,1.044,2677
2828,1,1.045,2678
2829,0,1.044,2678
2830,1,1.044,2679
2831,0,1.043,2679
2832,2,1.045,2681
2833,1,1.046,2682
2834,0,1.043,2682
2835,1,1.042,2683
2836,2,1.044,2685
2837,1,1.045,2686
2838,0,1.042,2686
2839,0,1.041,2686
2840,2,1.043,2688
2841,1,1.041,2689
2842,2,1.04,2691
2843,2,1.04,2693
2844,1,1.041,2694
2845,0,1.038,2694
2846,2,1.04,2696
2847,1,1.04,2697
2848,0,1.039,2697
2849,4,1.041,2701
2850,0,1.04,2701
2851,1,1.039,2702
2852,0,1.039,2702
2853,0,1.037,2702
2854,0,1.037,2702
2855,0,1.037,2702
2856,0,1.037,2702
2857,4,1.04,2706
2858,0,1.039,2706
2859,2,1.041,2708
2860,1,1.042,2709
2861,0,1.041,2709
2862,1,1.042,2710
2863,0,1.041,2710
2864,0,1.038,2710
2865,1,1.039,2711
2866,0,1.039,2711
2867,0,1.039,2711
2868,0,1.039,2711
2869,1,1.039,2712
2870,2,1.04,2714
2871,0,1.04,2714
2872,3,1.042,2717
2873,2,1.04,2719
2874,0,1.04,2719
2875,2,1.042,2721
2876,2,1.044,2723
2877,1,1.044,2724
2878,1,1.043,2725
2879,2,1.044,2727
2880,1,1.043,2728
2881,1,1.044,2729
2882,0,1.042,2729
2883,1,1.043,2730
2884,0,1.043,2730
2885,0,1.043,2730
2886,0,1.042,2730
2887,2,1.044,2732
2888,1,1.045,2733
2889,2,1.046,2735
2890,1,1.047,2736
2891,2,1.047,2738
2892,0,1.043,2738
2893,2,1.044,2740
2894,1,1.043,2741
2895,0,1.04,2741
2896,2,1.041,2743
2897,1,1.042,2744
2898,1,1.041,2745
2899,2,1.042,2747
2900,0,1.042,2747
2901,2,1.044,2749
2902,0,1.042,2749
2903,0,1.04,2749
2904,0,1.04,2749
2905,0,1.04,2749
2906,2,1.041,2751
2907,1,1.041,2752
2908,4,1.041,2756
2909,4,1.045,2760
2910,1,1.045,2761
2911,2,1.044,2763
2912,1,1.042,2764
2913,2,1.044,2766
2914,2,1.046,2768
2915,0,1.045,2768
2916,0,1.044,2768
2917,0,1.044,2768
2918,2,1.043,2770
2919,0,1.043,2770
2920,2,1.042,2772
2921,1,1.043,2773
2922,3,1.046,2776
2923,0,1.046,2776
2924,1,1.047,2777
2925,1,1.048,2778
2926,1,1.046,2779
2927,0,1.045,2779
2928,0,1.044,2779
2929,0,1.044,2779
2930,1,1.044,2780
2931,2,1.044,2782
2932,2,1.044,2784
2933,0,1.044,2784
2934,2,1.044,2786
2935,1,1.044,2787
2936,2,1.046,2789
2937,0,1.046,2789
2938,0,1.045,2789
2939,2,1.047,2791
2940,2,1.049,2793
2941,0,1.049,2793
2942,2,1.05,2795
2943,2,1.048,2797
2944,0,1.048,2797
2945,4,1.05,2801
2946,1,1.047,2802
2947,0,1.047,2802
2948,2,1.048,2804
2949,0,1.048,2804
2950,0,1.048,2804
2951,2,1.05,2806
2952,1,1.05,2807
2953,2,1.052,2809
2954,4,1.056,2813
2955,0,1.056,2813
2956,4,1.057,2817
2957,1,1.058,2818
2958,1,1.059,2819
2959,1,1.06,2820
2960,0,1.058,2820
2961,0,1.056,2820
2962,2,1.058,2822
2963,0,1.058,2822
2964,0,1.057,2822
2965,4,1.061,2826
2966,0,1.061,2826
2967,0,1.061,2826
2968,0,1.059,2826
2969,0,1.057,2826
2970,0,1.057,2826
2971,0,1.056,2826
2972,0,1.056,2826
2973,0,1.056,2826
2974,0,1.056,2826
2975,0,1.055,2826
2976,0,1.055,2826
2977,0,1.054,2826
2978,0,1.05,2826
2979,1,1.051,2827
2980,0,1.051,2827
2981,2,1.051,2829
2982,2,1.051,2831
2983,0,1.049,2831
2984,2,1.049,2833
2985,0,1.047,2833
2986,1,1.044,2834
2987,0,1.043,2834
2988,1,1.042,2835
2989,0,1.042,2835
2990,3,1.045,2838
2991,4,1.047,2842
2992,1,1.046,2843
2993,2,1.048,2845
2994,0,1.048,2845
2995,0,1.048,2845
2996,0,1.047,2845
2997,2,1.047,2847
2998,0,1.047,2847
2999,2,1.049,2849
3000,0,1.048,2849
3001,2,1.049,2851
3002,0,1.049,2851
3003,0,1.049,2851
3004,0,1.047,2851
3005,0,1.046,2851
3006,0,1.044,2851
3007,3,1.046,2854
3008,0,1.045,2854
3009,0,1.044,2854
3010,0,1.044,2854
3011,0,1.044,2854
3012,1,1.045,2855
3013,2,1.046,2857
3014,0,1.046,2857
3015,1,1.047,2858
3016,0,1.045,2858
3017,2,1.045,2860
3018,0,1.044,2860
3019,1,1.044,2861
3020,1,1.043,2862
3021,0,1.042,2862
3022,2,1.044,2864
3023,0,1.044,2864
3024,0,1.044,2864
3025,2,1.045,2866
3026,1,1.046,2867
3027,0,1.046,2867
3028,2,1.046,2869
3029,0,1.046,2869
3030,3,1.045,2872
3031,0,1.044,2872
3032,4,1.048,2876
3033,2,1.05,2878
3034,2,1.052,2880
3035,0,1.05,2880
3036,1,1.049,2881
3037,2,1.049,2883
3038,0,1.049,2883
3039,0,1.047,2883
3040,4,1.051,2887
3041,1,1.052,2888
3042,2,1.052,2890
3043,3,1.055,2893
3044,2,1.057,2895
3045,1,1.057,2896
3046,2,1.059,2898
3047,0,1.057,2898
3048,4,1.061,2902
3049,2,1.063,2904
3050,0,1.063,2904
3051,1,1.064,2905
3052,1,1.061,2906
3053,1,1.062,2907
3054,1,1.061,2908
3055,0,1.059,2908
3056,0,1.057,2908
3057,0,1.057,2908
3058,0,1.057,2908
3059,2,1.059,2910
3060,2,1.059,2912
3061,2,1.06,2914
3062,0,1.06,2914
3063,2,1.062,2916
3064,0,1.062,2916
3065,2,1.063,2918
3066,1,1.063,2919
3067,0,1.063,2919
3068,0,1.06,2919
3069,4,1.062,2923
3070,0,1.062,2923
3071,0,1.062,2923
3072,0,1.062,2923
3073,0,1.062,2923
3074,0,1.061,2923
3075,1,1.06,2924
3076,0,1.06,2924
3077,0,1.057,2924
3078,0,1.057,2924
3079,2,1.058,2926
3080,2,1.06,2928
3081,0,1.056,2928
3082,0,1.055,2928
3083,1,1.054,2929
3084,2,1.056,2931
3085,1,1.057,2932
3086,0,1.054,2932
3087,2,1.056,2934
3088,2,1.058,2936
3089,0,1.056,2936
3090,1,1.056,2937
3091,2,1.058,2939
3092,0,1.058,2939
3093,1,1.058,2940
3094,1,1.057,2941
3095,2,1.058,2943
3096,2,1.06,2945
3097,2,1.062,2947
3098,2,1.064,2949
3099,2,1.064,2951
3100,2,1.066,2953
3101,2,1.066,2955
3102,1,1.065,2956
3103,0,1.065,2956
3104,2,1.067,2958
3105,1,1.066,2959
3106,1,1.067,2960
3107,1,1.066,2961
3108,1,1.065,2962
3109,0,1.063,2962
3110,0,1.061,2962
3111,1,1.062,2963
3112,0,1.062,2963
3113,0,1.062,2963
3114,0,1.061,2963
3115,2,1.063,2965
3116,2,1.063,2967
3117,0,1.063,2967
3118,3,1.062,2970
3119,2,1.064,2972
3120,1,1.065,2973
3121,1,1.065,2974
3122,2,1.066,2976
3123,2,1.066,2978
3124,1,1.065,2979
3125,1,1.064,2980
3126,0,1.062,2980
3127,1,1.063,2981
3128,2,1.063,2983
3129,2,1.064,2985
3130,0,1.064,2985
3131,0,1.064,2985
3132,1,1.064,2986
3133,2,1.066,2988
3134,1,1.065,2989
3135,2,1.066,2991
3136,1,1.067,2992
3137,0,1.067,2992
3138,1,1.067,2993
3139,0,1.066,2993
3140,2,1.066,2995
3141,0,1.064,2995
3142,2,1.064,2997
3143,0,1.064,2997
3144,0,1.063,2997
3145,2,1.064,2999
3146,0,1.062,2999
3147,0,1.06,2999
3148,2,1.061,3001
3149,0,1.059,3001
3150,1,1.06,3002
3151,2,1.062,3004
3152,1,1.063,3005
3153,2,1.065,3007
3154,2,1.067,3009
3155,0,1.066,3009
3156,1,1.067,3010
3157,0,1.067,3010
3158,0,1.063,3010
3159,3,1.062,3013
3160,0,1.062,3013
3161,2,1.063,3015
3162,0,1.061,3015
3163,1,1.06,3016
3164,0,1.06,3016
3165,1,1.06,3017
3166,0,1.058,3017
3167,0,1.056,3017
3168,2,1.058,3019
3169,2,1.058,3021
3170,2,1.06,3023
3171,2,1.058,3025
3172,0,1.056,3025
3173,2,1.057,3027
3174,2,1.059,3029
3175,2,1.061,3031
3176,2,1.062,3033
3177,2,1.064,3035
3178,0,1.062,3035
3179,0,1.061,3035
3180,1,1.06,3036
3181,1,1.059,3037
3182,2,1.06,3039
3183,0,1.06,3039
3184,4,1.06,3043
3185,2,1.062,3045
3186,0,1.062,3045
3187,0,1.06,3045
3188,2,1.062,3047
3189,1,1.061,3048
3190,3,1.062,3051
3191,2,1.064,3053
3192,0,1.063,3053
3193,2,1.065,3055
3194,0,1.065,3055
3195,0,1.065,3055
3196,3,1.067,3058
3197,0,1.065,3058
3198,4,1.069,3062
3199,0,1.069,3062
3200,0,1.069,3062
3201,0,1.067,3062
3202,2,1.069,3064
3203,2,1.071,3066
3204,0,1.069,3066
3205,2,1.071,3068
3206,1,1.07,3069
3207,0,1.07,3069
3208,1,1.071,3070
3209,4,1.073,3074
3210,2,1.075,3076
3211,0,1.075,3076
3212,0,1.073,3076
3213,0,1.073,3076
3214,1,1.07,3077
3215,0,1.068,3077
3216,2,1.066,3079
3217,2,1.067,3081
3218,2,1.069,3083
3219,0,1.068,3083
3220,2,1.068,3085
3221,2,1.07,3087
3222,1,1.071,3088
3223,1,1.072,3089
3224,2,1.072,3091
3225,0,1.07,3091
3226,2,1.07,3093
3227,2,1.071,3095
3228,0,1.071,3095
3229,2,1.073,3097
3230,2,1.075,3099
3231,0,1.075,3099
3232,0,1.075,3099
3233,2,1.075,3101
3234,2,1.077,3103
3235,1,1.074,3104
3236,2,1.076,3106
3237,1,1.077,3107
3238,0,1.077,3107
3239,2,1.079,3109
3240,0,1.077,3109
3241,2,1.079,3111
3242,0,1.075,3111
3243,2,1.077,3113
3244,2,1.079,3115
3245,2,1.081,3117
3246,0,1.078,3117
3247,0,1.078,3117
3248,1,1.077,3118
3249,2,1.079,3120
3250,0,1.077,3120
3251,0,1.076,3120
3252,1,1.076,3121
3253,0,1.074,3121
3254,0,1.073,3121
3255,1,1.074,3122
3256,0,1.073,3122
3257,0,1.069,3122
3258,0,1.069,3122
3259,2,1.069,3124
3260,0,1.069,3124
3261,0,1.069,3124
3262,0,1.069,3124
3263,1,1.07,3125
3264,2,1.068,3127
3265,0,1.065,3127
3266,0,1.065,3127
3267,0,1.065,3127
3268,2,1.066,3129
3269,2,1.067,3131
3270,1,1.068,3132
3271,2,1.069,3134
3272,0,1.067,3134
3273,2,1.067,3136
3274,2,1.068,3138
3275,0,1.066,3138
3276,0,1.066,3138
3277,0,1.065,3138
3278,0,1.064,3138
3279,2,1.065,3140
3280,0,1.065,3140
3281,2,1.067,3142
3282,4,1.071,3146
3283,1,1.072,3147
3284,0,1.072,3147
3285,4,1.074,3151
3286,2,1.074,3153
3287,0,1.072,3153
3288,2,1.072,3155
3289,0,1.072,3155
3290,1,1.072,3156
3291,1,1.073,3157
3292,2,1.075,3159
3293,2,1.077,3161
3294,2,1.077,3163
3295,2,1.079,3165
3296,0,1.079,3165
3297,0,1.078,3165
3298,0,1.078,3165
3299,2,1.08,3167
3300,0,1.078,3167
3301,1,1.079,3168
3302,2,1.079,3170
3303,2,1.081,3172
3304,2,1.082,3174
3305,2,1.083,3176
3306,2,1.085,3178
3307,2,1.086,3180
3308,2,1.084,3182
3309,3,1.087,3185
3310,2,1.089,3187
3311,2,1.089,3189
3312,1,1.086,3190
3313,2,1.086,3192
3314,1,1.086,3193
3315,2,1.087,3195
3316,0,1.087,3195
3317,0,1.085,3195
3318,2,1.086,3197
3319,2,1.086,3199
3320,1,1.086,3200
3321,1,1.086,3201
3322,4,1.09,3205
3323,0,1.088,3205
3324,1,1.089,3206
3325,1,1.09,3207
3326,1,1.091,3208
3327,1,1.092,3209
3328,0,1.09,3209
3329,0,1.09,3209
3330,0,1.089,3209
3331,2,1.09,3211
3332,2,1.092,3213
3333,4,1.096,3217
3334,1,1.096,3218
3335,3,1.096,3221
3336,1,1.094,3222
3337,0,1.094,3222
3338,0,1.094,3222
3339,1,1.093,3223
3340,0,1.089,3223
3341,0,1.089,3223
3342,0,1.088,3223
3343,1,1.088,3224
3344,3,1.089,3227
3345,0,1.089,3227
3346,3,1.092,3230
3347,3,1.095,3233
3348,3,1.097,3236
3349,1,1.097,3237
3350,0,1.096,3237
3351,2,1.098,3239
3352,1,1.097,3240
3353,0,1.096,3240
3354,1,1.097,3241
3355,1,1.096,3242
3356,2,1.097,3244
3357,4,1.101,3248
3358,3,1.1,3251
3359,0,1.1,3251
3360,3,1.102,3254
3361,0,1.101,3254
3362,3,1.103,3257
3363,0,1.101,3257
3364,1,1.101,3258
3365,0,1.101,3258
3366,0,1.099,3258
3367,2,1.1,3260
3368,1,1.099,3261
3369,0,1.099,3261
3370,1,1.1,3262
3371,4,1.1,3266
3372,0,1.098,3266
3373,3,1.099,3269
3374,0,1.099,3269
3375,1,1.098,3270
3376,1,1.097,3271
3377,1,1.097,3272
3378,2,1.096,3274
3379,1,1.097,3275
3380,0,1.093,3275
3381,2,1.093,3277
3382,3,1.095,3280
3383,2,1.094,3282
3384,0,1.094,3282
3385,1,1.095,3283
3386,0,1.093,3283
3387,1,1.09,3284
3388,0,1.089,3284
3389,1,1.09,3285
3390,0,1.088,3285
3391,0,1.088,3285
3392,3,1.089,3288
3393,1,1.089,3289
3394,0,1.089,3289
3395,0,1.089,3289
3396,2,1.09,3291
3397,2,1.092,3293
3398,1,1.093,3294
3399,2,1.093,3296
3400,0,1.093,3296
3401,2,1.094,3298
3402,0,1.094,3298
3403,2,1.093,3300
3404,1,1.093,3301
3405,0,1.092,3301
3406,0,1.091,3301
3407,0,1.087,3301
3408,0,1.086,3301
3409,0,1.086,3301
3410,0,1.085,3301
3411,2,1.085,3303
3412,0,1.085,3303
3413,2,1.085,3305
3414,2,1.085,3307
3415,0,1.085,3307
3416,2,1.085,3309
3417,0,1.084,3309
3418,1,1.085,3310
3419,1,1.084,3311
3420,3,1.086,3314
3421,0,1.083,3314
3422,2,1.083,3316
3423,0,1.081,3316
3424,2,1.083,3318
3425,2,1.084,3320
3426,4,1.086,3324
3427,0,1.086,3324
3428,1,1.085,3325
3429,3,1.088,3328
3430,1,1.089,3329
3431,0,1.088,3329
3432,4,1.09,3333
3433,0,1.088,3333
3434,0,1.087,3333
3435,2,1.089,3335
3436,0,1.089,3335
3437,1,1.09,3336
3438,0,1.088,3336
3439,2,1.09,3338
3440,2,1.09,3340
3441,1,1.091,3341
3442,2,1.093,3343
3443,2,1.095,3345
3444,2,1.097,3347
3445,0,1.096,3347
3446,1,1.097,3348
3447,1,1.097,3349
3448,1,1.095,3350
3449,0,1.093,3350
3450,0,1.093,3350
3451,1,1.094,3351
3452,2,1.096,3353
3453,0,1.096,3353
3454,0,1.096,3353
3455,2,1.097,3355
3456,2,1.099,3357
3457,0,1.099,3357
3458,4,1.1,3361
3459,0,1.1,3361
3460,4,1.103,3365
3461,1,1.103,3366
3462,0,1.103,3366
3463,0,1.103,3366
3464,0,1.103,3366
3465,3,1.105,3369
3466,2,1.107,3371
3467,4,1.11,3375
3468,2,1.112,3377
3469,1,1.112,3378
3470,0,1.112,3378
3471,0,1.111,3378
3472,0,1.11,3378
3473,1,1.111,3379
3474,1,1.11,3380
3475,0,1.11,3380
3476,3,1.113,3383
3477,2,1.115,3385
3478,0,1.115,3385
3479,1,1.116,3386
3480,0,1.116,3386
3481,2,1.118,3388
3482,0,1.118,3388
3483,3,1.121,3391
3484,0,1.12,3391
3485,1,1.12,3392
3486,3,1.123,3395
3487,2,1.125,3397
3488,2,1.127,3399
3489,4,1.131,3403
3490,0,1.129,3403
3491,3,1.131,3406
3492,1,1.131,3407
3493,1,1.131,3408
3494,1,1.131,3409
3495,1,1.132,3410
3496,0,1.131,3410
3497,1,1.132,3411
3498,3,1.134,3414
3499,0,1.131,3414
3500,0,1.129,3414
3501,0,1.129,3414
3502,0,1.126,3414
3503,2,1.127,3416
3504,2,1.129,3418
3505,2,1.13,3420
3506,2,1.131,3422
3507,1,1.132,3423
3508,4,1.136,3427
3509,0,1.136,3427
3510,3,1.137,3430
3511,1,1.138,3431
3512,2,1.139,3433
3513,0,1.137,3433
3514,0,1.135,3433
3515,0,1.135,3433
3516,1,1.135,3434
3517,0,1.135,3434
3518,0,1.133,3434
3519,2,1.134,3436
3520,2,1.133,3438
3521,1,1.132,3439
3522,1,1.13,3440
3523,0,1.129,3440
3524,1,1.13,3441
3525,2,1.13,3443
3526,2,1.131,3445
3527,0,1.127,3445
3528,1,1.128,3446
3529,1,1.129,3447
3530,0,1.129,3447
3531,1,1.13,3448
3532,2,1.131,3450
3533,2,1.132,3452
3534,0,1.128,3452
3535,2,1.13,3454
3536,2,1.131,3456
3537,2,1.131,3458
3538,0,1.13,3458
3539,0,1.13,3458
3540,2,1.131,3460
3541,0,1.129,3460
3542,2,1.129,3462
3543,2,1.129,3464
3544,2,1.131,3466
3545,2,1.133,3468
3546,0,1.132,3468
3547,2,1.131,3470
3548,0,1.13,3470
3549,0,1.128,3470
3550,2,1.129,3472
3551,2,1.13,3474
3552,0,1.13,3474
3553,0,1.126,3474
3554,0,1.126,3474
3555,2,1.126,3476
3556,0,1.124,3476
3557,0,1.124,3476
3558,0,1.122,3476
3559,4,1.125,3480
3560,2,1.126,3482
3561,0,1.124,3482
3562,0,1.123,3482
3563,2,1.125,3484
3564,2,1.123,3486
3565,0,1.121,3486
3566,1,1.121,3487
3567,2,1.123,3489
3568,2,1.124,3491
3569,3,1.126,3494
3570,1,1.126,3495
3571,1,1.127,3496
3572,2,1.129,3498
3573,0,1.127,3498
3574,0,1.123,3498
3575,0,1.123,3498
3576,1,1.122,3499
3577,4,1.125,3503
3578,0,1.122,3503
3579,1,1.12,3504
3580,0,1.12,3504
3581,0,1.119,3504
3582,2,1.12,3506
3583,2,1.121,3508
3584,2,1.12,3510
3585,2,1.122,3512
3586,4,1.125,3516
3587,1,1.124,3517
3588,0,1.121,3517
3589,2,1.119,3519
3590,2,1.119,3521
3591,1,1.119,3522
3592,2,1.121,3524
3593,2,1.123,3526
3594,0,1.122,3526
3595,2,1.124,3528
3596,3,1.126,3531
3597,1,1.127,3532
3598,1,1.126,3533
3599,2,1.126,3535
3600,2,1.128,3537
3601,1,1.128,3538
3602,0,1.128,3538
3603,0,1.128,3538
3604,2,1.128,3540
3605,2,1.128,3542
3606,0,1.128,3542
3607,4,1.13,3546
3608,0,1.128,3546
3609,2,1.126,3548
3610,0,1.126,3548
3611,1,1.127,3549
3612,2,1.128,3551
3613,2,1.128,3553
3614,0,1.128,3553
3615,2,1.129,3555
3616,2,1.129,3557
3617,2,1.13,3559
3618,0,1.13,3559
3619,2,1.13,3561
3620,2,1.131,3563
3621,1,1.13,3564
3622,3,1.133,3567
3623,0,1.133,3567
3624,3,1.136,3570
3625,2,1.137,3572
3626,0,1.137,3572
3627,3,1.14,3575
3628,0,1.138,3575
3629,0,1.138,3575
3630,0,1.134,3575
3631,1,1.131,3576
3632,0,1.129,3576
3633,0,1.126,3576
3634,0,1.123,3576
3635,0,1.121,3576
3636,2,1.122,3578
3637,2,1.124,3580
3638,1,1.125,3581
3639,1,1.124,3582
3640,4,1.127,3586
3641,3,1.13,3589
3642,0,1.129,3589
3643,2,1.129,3591
3644,3,1.13,3594
3645,0,1.13,3594
3646,0,1.129,3594
3647,2,1.129,3596
3648,4,1.133,3600
3649,0,1.13,3600
3650,0,1.13,3600
3651,0,1.128,3600
3652,0,1.128,3600
3653,1,1.126,3601
3654,0,1.125,3601
3655,0,1.123,3601
3656,0,1.123,3601
3657,1,1.124,3602
3658,0,1.123,3602
3659,0,1.123,3602
3660,1,1.124,3603
3661,0,1.121,3603
3662,0,1.119,3603
3663,0,1.118,3603
3664,4,1.12,3607
3665,0,1.12,3607
3666,0,1.118,3607
3667,2,1.12,3609
3668,1,1.121,3610
3669,2,1.119,3612
3670,4,1.123,3616
3671,2,1.123,3618
3672,1,1.122,3619
3673,1,1.122,3620
3674,1,1.121,3621
3675,0,1.119,3621
3676,0,1.117,3621
3677,0,1.115,3621
3678,0,1.114,3621
3679,2,1.116,3623
3680,0,1.114,3623
3681,1,1.115,3624
3682,1,1.116,3625
3683,2,1.114,3627
3684,1,1.111,3628
3685,2,1.112,3630
3686,2,1.112,3632
3687,1,1.112,3633
3688,0,1.112,3633
3689,1,1.111,3634
3690,0,1.109,3634
3691,1,1.11,3635
3692,1,1.11,3636
3693,2,1.112,3638
3694,1,1.112,3639
3695,1,1.113,3640
3696,3,1.116,3643
3697,0,1.114,3643
3698,2,1.114,3645
3699,0,1.112,3645
3700,1,1.113,3646
3701,0,1.112,3646
3702,2,1.114,3648
3703,0,1.112,3648
3704,0,1.109,3648
3705,1,1.11,3649
3706,0,1.11,3649
3707,1,1.111,3650
3708,2,1.113,3652
3709,0,1.113,3652
3710,2,1.115,3654
3711,1,1.116,3655
3712,3,1.119,3658
3713,0,1.117,3658
3714,0,1.116,3658
3715,1,1.115,3659
3716,1,1.116,3660
3717,1,1.117,3661
3718,0,1.117,3661
3719,1,1.115,3662
3720,0,1.114,3662
3721,1,1.115,3663
3722,0,1.114,3663
3723,2,1.114,3665
3724,1,1.114,3666
3725,0,1.114,3666
3726,2,1.112,3668
3727,1,1.109,3669
3728,1,1.11,3670
3729,1,1.111,3671
3730,0,1.111,3671
3731,2,1.111,3673
3732,0,1.111,3673
3733,1,1.112,3674
3734,1,1.113,3675
3735,0,1.113,3675
3736,3,1.112,3678
3737,1,1.112,3679
3738,2,1.114,3681
3739,1,1.115,3682
3740,4,1.119,3686
3741,3,1.12,3689
3742,0,1.12,3689
3743,0,1.119,3689
3744,1,1.12,3690
3745,2,1.12,3692
3746,0,1.116,3692
3747,2,1.118,3694
3748,0,1.116,3694
3749,2,1.116,3696
3750,2,1.117,3698
3751,2,1.118,3700
3752,2,1.12,3702
3753,0,1.12,3702
3754,2,1.122,3704
3755,1,1.121,3705
3756,0,1.117,3705
3757,2,1.118,3707
3758,1,1.117,3708
3759,2,1.118,3710
3760,2,1.116,3712
3761,0,1.116,3712
3762,2,1.116,3714
3763,1,1.116,3715
3764,0,1.114,3715
3765,0,1.113,3715
3766,0,1.113,3715
3767,2,1.115,3717
3768,0,1.114,3717
3769,2,1.114,3719
3770,1,1.114,3720
3771,2,1.116,3722
3772,1,1.115,3723
3773,4,1.117,3727
3774,0,1.117,3727
3775,1,1.117,3728
3776,0,1.115,3728
3777,1,1.114,3729
3778,0,1.112,3729
3779,0,1.11,3729
3780,1,1.111,3730
3781,2,1.113,3732
3782,0,1.113,3732
3783,0,1.111,3732
3784,2,1.113,3734
3785,2,1.113,3736
3786,0,1.112,3736
3787,0,1.112,3736
3788,0,1.111,3736
3789,1,1.108,3737
3790,2,1.11,3739
3791,2,1.112,3741
3792,0,1.112,3741
3793,2,1.114,3743
3794,0,1.113,3743
3795,1,1.114,3744
3796,1,1.115,3745
3797,0,1.112,3745
3798,0,1.109,3745
3799,2,1.11,3747
3800,0,1.109,3747
3801,0,1.108,3747
3802,0,1.105,3747
3803,1,1.102,3748
3804,2,1.104,3750
3805,0,1.104,3750
3806,0,1.104,3750
3807,2,1.106,3752
3808,2,1.108,3754
3809,2,1.106,3756
3810,1,1.104,3757
3811,2,1.105,3759
3812,2,1.105,3761
3813,4,1.108,3765
3814,0,1.107,3765
3815,1,1.108,3766
3816,0,1.105,3766
3817,1,1.104,3767
3818,2,1.102,3769
3819,0,1.102,3769
3820,2,1.104,3771
3821,1,1.104,3772
3822,1,1.101,3773
3823,1,1.102,3774
3824,4,1.106,3778
3825,1,1.105,3779
3826,0,1.105,3779
3827,2,1.104,3781
3828,0,1.103,3781
3829,4,1.107,3785
3830,1,1.107,3786
3831,1,1.108,3787
3832,0,1.106,3787
3833,2,1.107,3789
3834,4,1.111,3793
3835,2,1.112,3795
3836,0,1.11,3795
3837,0,1.109,3795
3838,2,1.111,3797
3839,0,1.111,3797
3840,2,1.111,3799
3841,0,1.11,3799
3842,0,1.108,3799
3843,2,1.108,3801
3844,2,1.109,3803
3845,0,1.109,3803
3846,2,1.109,3805
3847,0,1.108,3805
3848,0,1.108,3805
3849,2,1.106,3807
3850,0,1.106,3807
3851,2,1.107,3809
3852,2,1.109,3811
3853,1,1.11,3812
3854,2,1.112,3814
3855,1,1.113,3815
3856,0,1.113,3815
3857,0,1.109,3815
3858,0,1.109,3815
3859,0,1.107,3815
3860,0,1.106,3815
3861,4,1.11,3819
3862,3,1.112,3822
3863,2,1.114,3824
3864,0,1.114,3824
3865,0,1.113,3824
3866,2,1.115,3826
3867,0,1.115,3826
3868,1,1.116,3827
3869,0,1.115,3827
3870,0,1.113,3827
3871,1,1.114,3828
3872,2,1.113,3830
3873,1,1.112,3831
3874,0,1.112,3831
3875,0,1.11,3831
3876,1,1.109,3832
3877,0,1.108,3832
3878,0,1.107,3832
3879,1,1.106,3833
3880,2,1.107,3835
3881,2,1.108,3837
3882,4,1.112,3841
3883,1,1.112,3842
3884,0,1.112,3842
3885,4,1.116,3846
3886,0,1.116,3846
3887,4,1.118,3850
3888,0,1.117,3850
3889,2,1.117,3852
3890,0,1.116,3852
3891,2,1.116,3854
3892,2,1.118,3856
3893,0,1.116,3856
3894,2,1.117,3858
3895,3,1.12,3861
3896,0,1.118,3861
3897,1,1.118,3862
3898,1,1.118,3863
3899,2,1.118,3865
3900,0,1.118,3865
3901,0,1.116,3865
3902,2,1.118,3867
3903,2,1.12,3869
3904,2,1.122,3871
3905,1,1.123,3872
3906,2,1.123,3874
3907,1,1.123,3875
3908,1,1.12,3876
3909,1,1.117,3877
3910,2,1.118,3879
3911,0,1.116,3879
3912,1,1.116,3880
3913,2,1.116,3882
3914,2,1.116,3884
3915,2,1.118,3886
3916,0,1.118,3886
3917,2,1.12,3888
3918,0,1.118,3888
3919,2,1.12,3890
3920,0,1.118,3890
3921,0,1.117,3890
3922,3,1.117,3893
3923,2,1.119,3895
3924,0,1.118,3895
3925,0,1.117,3895
3926,0,1.116,3895
3927,2,1.118,3897
3928,0,1.118,3897
3929,1,1.119,3898
3930,3,1.121,3901
3931,3,1.122,3904
3932,0,1.12,3904
3933,2,1.122,3906
3934,2,1.122,3908
3935,0,1.121,3908
3936,1,1.12,3909
3937,2,1.122,3911
3938,0,1.122,3911
3939,1,1.121,3912
3940,1,1.12,3913
3941,0,1.12,3913
3942,1,1.119,3914
3943,1,1.118,3915
3944,4,1.122,3919
3945,2,1.12,3921
3946,0,1.119,3921
3947,1,1.12,3922
3948,2,1.12,3924
3949,0,1.12,3924
3950,4,1.124,3928
3951,1,1.123,3929
3952,0,1.122,3929
3953,0,1.12,3929
3954,3,1.119,3932
3955,2,1.121,3934
3956,2,1.119,3936
3957,0,1.118,3936
3958,2,1.119,3938
3959,1,1.119,3939
3960,3,1.122,3942
3961,0,1.122,3942
3962,1,1.121,3943
3963,0,1.121,3943
3964,0,1.121,3943
3965,0,1.117,3943
3966,2,1.119,3945
3967,0,1.119,3945
3968,2,1.121,3947
3969,1,1.122,3948
3970,4,1.126,3952
3971,1,1.127,3953
3972,1,1.128,3954
3973,1,1.129,3955
3974,0,1.129,3955
3975,0,1.129,3955
3976,1,1.13,3956
3977,2,1.132,3958
3978,2,1.134,3960
3979,0,1.133,3960
3980,0,1.133,3960
3981,2,1.133,3962
3982,1,1.132,3963
3983,1,1.133,3964
3984,1,1.132,3965
3985,1,1.133,3966
3986,0,1.132,3966
3987,1,1.133,3967
3988,0,1.132,3967
3989,2,1.134,3969
3990,1,1.132,3970
3991,0,1.128,3970
3992,2,1.129,3972
3993,2,1.129,3974
3994,1,1.13,3975
3995,1,1.131,3976
3996,0,1.131,3976
3997,0,1.129,3976
3998,0,1.129,3976
3999,1,1.128,3977
4000,1,1.129,3978
4001,2,1.129,3980
4002,0,1.129,3980
4003,0,1.129,3980
4004,2,1.131,3982
4005,1,1.132,3983
4006,0,1.132,3983
4007,2,1.131,3985
4008,0,1.131,3985
4009,0,1.131,3985
4010,2,1.133,3987
4011,0,1.133,3987
4012,2,1.134,3989
4013,1,1.133,3990
4014,0,1.133,3990
4015,0,1.132,3990
4016,2,1.134,3992
4017,1,1.133,3993
4018,0,1.133,3993
4019,0,1.132,3993
4020,2,1.133,3995
4021,2,1.135,3997
4022,1,1.134,3998
4023,1,1.135,3999
4024,3,1.138,4002
4025,0,1.136,4002
4026,1,1.136,4003
4027,1,1.137,4004
4028,2,1.137,4006
4029,2,1.139,4008
4030,1,1.137,4009
4031,0,1.137,4009
4032,1,1.134,4010
4033,2,1.134,4012
4034,1,1.133,4013
4035,1,1.134,4014
4036,2,1.135,4016
4037,2,1.135,4018
4038,2,1.137,4020
4039,0,1.137,4020
4040,0,1.133,4020
4041,1,1.133,4021
4042,0,1.131,4021
4043,2,1.13,4023
4044,1,1.129,4024
4045,1,1.129,4025
4046,1,1.128,4026
4047,0,1.128,4026
4048,0,1.124,4026
4049,2,1.124,4028
4050,1,1.125,4029
4051,2,1.126,4031
4052,2,1.127,4033
4053,2,1.128,4035
4054,0,1.127,4035
4055,2,1.129,4037
4056,2,1.131,4039
4057,0,1.131,4039
4058,2,1.133,4041
4059,0,1.131,4041
4060,1,1.13,4042
4061,0,1.128,4042
4062,0,1.128,4042
4063,1,1.127,4043
4064,1,1.128,4044
4065,1,1.127,4045
4066,0,1.126,4045
4067,1,1.127,4046
4068,0,1.127,4046
4069,2,1.125,4048
4070,0,1.125,4048
4071,2,1.127,4050
4072,1,1.128,4051
4073,0,1.128,4051
4074,0,1.128,4051
4075,0,1.127,4051
4076,1,1.128,4052
4077,1,1.129,4053
4078,1,1.13,4054
4079,1,1.129,4055
4080,0,1.127,4055
4081,1,1.128,4056
4082,1,1.129,4057
4083,0,1.128,4057
4084,2,1.128,4059
4085,1,1.128,4060
4086,1,1.129,4061
4087,0,1.127,4061
4088,1,1.126,4062
4089,0,1.126,4062
4090,0,1.125,4062
4091,0,1.123,4062
4092,0,1.123,4062
4093,0,1.122,4062
4094,2,1.123,4064
4095,0,1.121,4064
4096,2,1.121,4066
4097,0,1.119,4066
4098,0,1.117,4066
4099,1,1.116,4067
4100,0,1.114,4067
4101,1,1.113,4068
4102,2,1.114,4070
4103,0,1.114,4070
4104,2,1.114,4072
4105,0,1.113,4072
4106,0,1.112,4072
4107,1,1.112,4073
4108,0,1.111,4073
4109,0,1.111,4073
4110,0,1.111,4073
4111,1,1.111,4074
4112,1,1.112,4075
4113,1,1.113,4076
4114,0,1.113,4076
4115,0,1.111,4076
4116,1,1.11,4077
4117,1,1.111,4078
4118,4,1.112,4082
4119,0,1.11,4082
4120,0,1.109,4082
4121,0,1.108,4082
4122,3,1.109,4085
4123,2,1.109,4087
4124,2,1.11,4089
4125,1,1.11,4090
4126,0,1.11,4090
4127,1,1.11,4091
4128,2,1.11,4093
4129,3,1.111,4096
4130,1,1.112,4097
4131,2,1.114,4099
4132,2,1.115,4101
4133,0,1.113,4101
4134,0,1.112,4101
4135,3,1.113,4104
4136,0,1.112,4104
4137,1,1.113,4105
4138,0,1.112,4105
4139,1,1.113,4106
4140,1,1.112,4107
4141,1,1.113,4108
4142,0,1.111,4108
4143,1,1.112,4109
4144,0,1.112,4109
4145,0,1.11,4109
4146,1,1.111,4110
4147,0,1.111,4110
4148,2,1.111,4112
4149,3,1.114,4115
4150,2,1.115,4117
4151,1,1.114,4118
4152,1,1.114,4119
4153,0,1.112,4119
4154,0,1.11,4119
4155,0,1.11,4119
4156,2,1.111,4121
4157,0,1.111,4121
4158,0,1.111,4121
4159,0,1.108,4121
4160,0,1.108,4121
4161,2,1.108,4123
4162,2,1.11,4125
4163,0,1.109,4125
4164,2,1.111,4127
4165,1,1.111,4128
4166,0,1.111,4128
4167,2,1.113,4130
4168,1,1.112,4131
4169,0,1.11,4131
4170,2,1.11,4133
4171,0,1.108,4133
4172,1,1.109,4134
4173,1,1.108,4135
4174,1,1.107,4136
4175,0,1.105,4136
4176,0,1.103,4136
4177,0,1.101,4136
4178,3,1.104,4139
4179,1,1.105,4140
4180,1,1.105,4141
4181,3,1.107,4144
4182,0,1.105,4144
4183,0,1.105,4144
4184,0,1.101,4144
4185,1,1.1,4145
4186,2,1.102,4147
4187,0,1.102,4147
4188,0,1.1,4147
4189,2,1.101,4149
4190,0,1.098,4149
4191,0,1.096,4149
4192,0,1.096,4149
4193,0,1.094,4149
4194,1,1.095,4150
4195,4,1.099,4154
4196,0,1.096,4154
4197,0,1.096,4154
4198,0,1.092,4154
4199,0,1.092,4154
4200,1,1.093,4155
4201,1,1.094,4156
4202,0,1.092,4156
4203,2,1.092,4158
4204,2,1.094,4160
4205,0,1.092,4160
4206,2,1.093,4162
4207,1,1.094,4163
4208,2,1.095,4165
4209,0,1.091,4165
4210,4,1.093,4169
4211,1,1.094,4170
4212,0,1.094,4170
4213,0,1.094,4170
4214,2,1.095,4172
4215,4,1.099,4176
4216,2,1.099,4178
4217,2,1.099,4180
4218,0,1.097,4180
4219,0,1.097,4180
4220,2,1.097,4182
4221,1,1.096,4183
4222,0,1.095,4183
4223,0,1.094,4183
4224,3,1.095,4186
4225,1,1.096,4187
4226,3,1.097,4190
4227,1,1.096,4191
4228,1,1.097,4192
4229,0,1.095,4192
4230,1,1.094,4193
4231,1,1.095,4194
4232,1,1.096,4195
4233,2,1.096,4197
4234,0,1.094,4197
4235,3,1.096,4200
4236,1,1.095,4201
4237,2,1.096,4203
4238,0,1.096,4203
4239,0,1.094,4203
4240,1,1.095,4204
4241,0,1.093,4204
4242,0,1.093,4204
4243,2,1.093,4206
4244,1,1.092,4207
4245,0,1.09,4207
4246,0,1.09,4207
4247,1,1.091,4208
4248,0,1.09,4208
4249,1,1.089,4209
4250,2,1.091,4211
4251,1,1.092,4212
4252,0,1.091,4212
4253,0,1.091,4212
4254,0,1.091,4212
4255,0,1.09,4212
4256,0,1.09,4212
4257,0,1.09,4212
4258,1,1.091,4213
4259,1,1.09,4214
4260,1,1.091,4215
4261,2,1.093,4217
4262,2,1.095,4219
4263,1,1.095,4220
4264,1,1.094,4221
4265,2,1.096,4223
4266,2,1.098,4225
4267,0,1.098,4225
4268,1,1.097,4226
4269,2,1.097,4228
4270,0,1.096,4228
4271,3,1.097,4231
4272,2,1.099,4233
4273,0,1.097,4233
4274,2,1.097,4235
4275,0,1.097,4235
4276,1,1.098,4236
4277,4,1.102,4240
4278,0,1.102,4240
4279,0,1.1,4240
4280,0,1.1,4240
4281,1,1.099,4241
4282,2,1.097,4243
4283,3,1.099,4246
4284,2,1.101,4248
4285,1,1.098,4249
4286,0,1.096,4249
4287,0,1.096,4249
4288,1,1.095,4250
4289,0,1.095,4250
4290,0,1.094,4250
4291,0,1.093,4250
4292,1,1.092,4251
4293,1,1.091,4252
4294,1,1.09,4253
4295,1,1.089,4254
4296,1,1.09,4255
4297,1,1.091,4256
4298,0,1.091,4256
4299,0,1.089,4256
4300,1,1.09,4257
4301,0,1.089,4257
4302,4,1.091,4261
4303,2,1.091,4263
4304,0,1.089,4263
4305,3,1.09,4266
4306,0,1.088,4266
4307,2,1.088,4268
4308,0,1.086,4268
4309,3,1.086,4271
4310,0,1.084,4271
4311,0,1.082,4271
4312,0,1.081,4271
4313,1,1.08,4272
4314,0,1.079,4272
4315,0,1.077,4272
4316,3,1.08,4275
4317,1,1.081,4276
4318,1,1.08,4277
4319,1,1.079,4278
4320,0,1.078,4278
4321,1,1.078,4279
4322,2,1.076,4281
4323,0,1.076,4281
4324,0,1.075,4281
4325,0,1.074,4281
4326,1,1.074,4282
4327,2,1.075,4284
4328,2,1.077,4286
4329,0,1.077,4286
4330,2,1.079,4288
4331,1,1.078,4289
4332,0,1.076,4289
4333,0,1.072,4289
4334,1,1.072,4290
4335,0,1.069,4290
4336,0,1.068,4290
4337,0,1.068,4290
4338,1,1.069,4291
4339,0,1.068,4291
4340,1,1.069,4292
4341,1,1.07,4293
4342,1,1.071,4294
4343,4,1.074,4298
4344,0,1.071,4298
4345,0,1.071,4298
4346,0,1.068,4298
4347,2,1.067,4300
4348,2,1.066,4302
4349,0,1.065,4302
4350,2,1.067,4304
4351,2,1.067,4306
4352,2,1.068,4308
4353,0,1.068,4308
4354,0,1.067,4308
4355,0,1.066,4308
4356,2,1.066,4310
4357,0,1.062,4310
4358,1,1.06,4311
4359,3,1.063,4314
4360,0,1.06,4314
4361,4,1.064,4318
4362,2,1.063,4320
4363,0,1.063,4320
4364,0,1.062,4320
4365,0,1.062,4320
4366,2,1.064,4322
4367,0,1.062,4322
4368,0,1.061,4322
4369,2,1.063,4324
4370,2,1.064,4326
4371,0,1.06,4326
4372,2,1.062,4328
4373,2,1.061,4330
4374,0,1.061,4330
4375,2,1.062,4332
4376,0,1.061,4332
4377,2,1.062,4334
4378,0,1.06,4334
4379,0,1.059,4334
4380,0,1.059,4334
4381,0,1.057,4334
4382,4,1.058,4338
4383,2,1.058,4340
4384,1,1.059,4341
4385,2,1.06,4343
4386,0,1.06,4343
4387,2,1.061,4345
4388,2,1.063,4347
4389,0,1.062,4347
4390,2,1.064,4349
4391,2,1.066,4351
4392,2,1.065,4353
4393,0,1.064,4353
4394,0,1.064,4353
4395,2,1.066,4355
4396,2,1.066,4357
4397,2,1.066,4359
4398,2,1.067,4361
4399,1,1.066,4362
4400,4,1.07,4366
4401,1,1.069,4367
4402,1,1.07,4368
4403,4,1.072,4372
4404,2,1.073,4374
4405,2,1.075,4376
4406,2,1.077,4378
4407,2,1.079,4380
4408,0,1.079,4380
4409,0,1.079,4380
4410,1,1.08,4381
4411,0,1.078,4381
4412,0,1.078,4381
4413,1,1.077,4382
4414,1,1.076,4383
4415,0,1.076,4383
4416,2,1.076,4385
4417,0,1.076,4385
4418,0,1.075,4385
4419,0,1.074,4385
4420,0,1.071,4385
4421,1,1.072,4386
4422,0,1.07,4386
4423,1,1.071,4387
4424,0,1.069,4387
4425,4,1.071,4391
4426,1,1.068,4392
4427,2,1.07,4394
4428,2,1.071,4396
4429,0,1.068,4396
4430,2,1.069,4398
4431,2,1.071,4400
4432,4,1.071,4404
4433,0,1.071,4404
4434,4,1.075,4408
4435,2,1.075,4410
4436,1,1.076,4411
4437,1,1.076,4412
4438,2,1.078,4414
4439,0,1.076,4414
4440,0,1.074,4414
4441,1,1.074,4415
4442,0,1.072,4415
4443,0,1.07,4415
4444,4,1.072,4419
4445,0,1.072,4419
4446,1,1.072,4420
4447,0,1.071,4420
4448,3,1.073,4423
4449,2,1.075,4425
4450,0,1.075,4425
4451,0,1.074,4425
4452,1,1.073,4426
4453,0,1.073,4426
4454,2,1.075,4428
4455,3,1.076,4431
4456,0,1.074,4431
4457,0,1.074,4431
4458,2,1.072,4433
4459,1,1.073,4434
4460,4,1.073,4438
4461,0,1.072,4438
4462,0,1.072,4438
4463,2,1.074,4440
4464,2,1.076,4442
4465,4,1.077,4446
4466,0,1.075,4446
4467,2,1.073,4448
4468,1,1.072,4449
4469,2,1.073,4451
4470,0,1.073,4451
4471,0,1.073,4451
4472,4,1.077,4455
4473,0,1.076,4455
4474,1,1.076,4456
4475,1,1.077,4457
4476,0,1.074,4457
4477,2,1.074,4459
4478,2,1.076,4461
4479,2,1.077,4463
4480,2,1.079,4465
4481,2,1.079,4467
4482,0,1.079,4467
4483,2,1.078,4469
4484,1,1.079,4470
4485,2,1.08,4472
4486,0,1.077,4472
4487,0,1.075,4472
4488,4,1.077,4476
4489,2,1.075,4478
4490,2,1.077,4480
4491,0,1.074,4480
4492,1,1.074,4481
4493,0,1.073,4481
4494,1,1.073,4482
4495,0,1.072,4482
4496,2,1.074,4484
4497,0,1.073,4484
4498,2,1.072,4486
4499,0,1.072,4486
4500,2,1.074,4488
4501,1,1.075,4489
4502,2,1.077,4491
4503,2,1.077,4493
4504,0,1.075,4493
4505,1,1.074,4494
4506,2,1.074,4496
4507,2,1.075,4498
4508,4,1.075,4502
4509,0,1.075,4502
4510,0,1.072,4502
4511,2,1.073,4504
4512,0,1.071,4504
4513,2,1.073,4506
4514,2,1.075,4508
4515,0,1.075,4508
4516,4,1.078,4512
4517,2,1.08,4514
4518,0,1.08,4514
4519,1,1.079,4515
4520,0,1.077,4515
4521,2,1.078,4517
4522,2,1.079,4519
4523,1,1.08,4520
4524,2,1.081,4522
4525,0,1.079,4522
4526,0,1.077,4522
4527,0,1.077,4522
4528,0,1.076,4522
4529,0,1.075,4522
4530,2,1.077,4524
4531,1,1.077,4525
4532,1,1.076,4526
4533,0,1.074,4526
4534,2,1.076,4528
4535,2,1.076,4530
4536,4,1.078,4534
4537,1,1.077,4535
4538,3,1.08,4538
4539,4,1.084,4542
4540,2,1.084,4544
4541,2,1.086,4546
4542,0,1.084,4546
4543,2,1.084,4548
4544,0,1.082,4548
4545,0,1.08,4548
4546,2,1.082,4550
4547,0,1.08,4550
4548,0,1.08,4550
4549,1,1.081,4551
4550,1,1.08,4552
4551,1,1.079,4553
4552,1,1.08,4554
4553,1,1.081,4555
4554,0,1.081,4555
4555,2,1.081,4557
4556,2,1.083,4559
4557,2,1.085,4561
4558,0,1.085,4561
4559,2,1.083,4563
4560,2,1.083,4565
4561,2,1.085,4567
4562,0,1.085,4567
4563,0,1.083,4567
4564,2,1.083,4569
4565,0,1.083,4569
4566,0,1.082,4569
4567,2,1.082,4571
4568,2,1.082,4573
4569,4,1.083,4577
4570,0,1.082,4577
4571,2,1.083,4579
4572,2,1.083,4581
4573,0,1.083,4581
4574,1,1.084,4582
4575,2,1.086,4584
4576,0,1.085,4584
4577,2,1.083,4586
4578,2,1.085,4588
4579,2,1.086,4590
4580,2,1.088,4592
4581,1,1.089,4593
4582,2,1.089,4595
4583,0,1.087,4595
4584,2,1.087,4597
4585,1,1.086,4598
4586,2,1.084,4600
4587,1,1.084,4601
4588,2,1.086,4603
4589,0,1.084,4603
4590,0,1.082,4603
4591,0,1.081,4603
4592,0,1.079,4603
4593,0,1.077,4603
4594,1,1.078,4604
4595,0,1.076,4604
4596,0,1.073,4604
4597,2,1.074,4606
4598,1,1.074,4607
4599,2,1.074,4609
4600,1,1.073,4610
4601,1,1.073,4611
4602,2,1.075,4613
4603,2,1.077,4615
4604,2,1.077,4617
4605,2,1.077,4619
4606,2,1.079,4621
4607,0,1.075,4621
4608,2,1.077,4623
4609,0,1.075,4623
4610,0,1.075,4623
4611,2,1.076,4625
4612,1,1.075,4626
4613,1,1.074,4627
4614,2,1.076,4629
4615,0,1.074,4629
4616,1,1.073,4630
4617,2,1.073,4632
4618,1,1.074,4633
4619,2,1.074,4635
4620,2,1.074,4637
4621,4,1.077,4641
4622,1,1.075,4642
4623,1,1.076,4643
4624,2,1.075,4645
4625,1,1.074,4646
4626,1,1.075,4647
4627,0,1.072,4647
4628,0,1.072,4647
4629,2,1.074,4649
4630,2,1.076,4651
4631,0,1.075,4651
4632,0,1.075,4651
4633,0,1.075,4651
4634,2,1.077,4653
4635,1,1.078,4654
4636,2,1.078,4656
4637,2,1.078,4658
4638,1,1.078,4659
4639,2,1.079,4661
4640,2,1.077,4663
4641,1,1.075,4664
4642,4,1.079,4668
4643,0,1.077,4668
4644,2,1.076,4670
4645,0,1.076,4670
4646,1,1.077,4671
4647,2,1.077,4673
4648,0,1.073,4673
4649,2,1.075,4675
4650,1,1.076,4676
4651,2,1.078,4678
4652,2,1.08,4680
4653,2,1.081,4682
4654,0,1.081,4682
4655,2,1.083,4684
4656,2,1.085,4686
4657,2,1.086,4688
4658,4,1.09,4692
4659,2,1.092,4694
4660,0,1.091,4694
4661,2,1.093,4696
4662,0,1.093,4696
4663,1,1.094,4697
4664,1,1.091,4698
4665,0,1.091,4698
4666,0,1.091,4698
4667,1,1.09,4699
4668,0,1.089,4699
4669,0,1.087,4699
4670,0,1.083,4699
4671,0,1.081,4699
4672,0,1.08,4699
4673,2,1.081,4701
4674,2,1.082,4703
4675,1,1.083,4704
4676,1,1.084,4705
4677,4,1.088,4709
4678,0,1.088,4709
4679,2,1.088,4711
4680,2,1.09,4713
4681,0,1.089,4713
4682,2,1.09,4715
4683,0,1.088,4715
4684,2,1.089,4717
4685,2,1.089,4719
4686,1,1.088,4720
4687,2,1.089,4722
4688,2,1.091,4724
4689,2,1.092,4726
4690,2,1.094,4728
4691,2,1.095,4730
4692,2,1.096,4732
4693,0,1.094,4732
4694,2,1.095,4734
4695,2,1.096,4736
4696,1,1.094,4737
4697,1,1.095,4738
4698,0,1.093,4738
4699,3,1.096,4741
4700,0,1.095,4741
4701,0,1.095,4741
4702,1,1.094,4742
4703,0,1.094,4742
4704,1,1.095,4743
4705,1,1.095,4744
4706,2,1.097,4746
4707,1,1.097,4747
4708,0,1.095,4747
4709,0,1.095,4747
4710,2,1.095,4749
4711,1,1.095,4750
4712,0,1.092,4750
4713,1,1.093,4751
4714,1,1.094,4752
4715,0,1.093,4752
4716,0,1.092,4752
4717,0,1.091,4752
4718,0,1.091,4752
4719,1,1.091,4753
4720,1,1.092,4754
4721,1,1.092,4755
4722,0,1.092,4755
4723,0,1.09,4755
4724,1,1.09,4756
4725,0,1.09,4756
4726,0,1.088,4756
4727,0,1.087,4756
4728,0,1.086,4756
4729,1,1.086,4757
4730,0,1.086,4757
4731,0,1.084,4757
4732,1,1.085,4758
4733,2,1.086,4760
4734,1,1.086,4761
4735,0,1.086,4761
4736,0,1.083,4761
4737,1,1.083,4762
4738,2,1.083,4764
4739,0,1.082,4764
4740,0,1.078,4764
4741,1,1.076,4765
4742,1,1.077,4766
4743,3,1.08,4769
4744,0,1.079,4769
4745,2,1.079,4771
4746,1,1.08,4772
4747,1,1.079,4773
4748,0,1.079,4773
4749,0,1.077,4773
4750,1,1.076,4774
4751,0,1.074,4774
4752,1,1.073,4775
4753,1,1.074,4776
4754,0,1.072,4776
4755,0,1.071,4776
4756,0,1.071,4776
4757,1,1.07,4777
4758,1,1.07,4778
4759,1,1.069,4779
4760,0,1.067,4779
4761,0,1.067,4779
4762,2,1.067,4781
4763,2,1.068,4783
4764,2,1.07,4785
4765,1,1.071,4786
4766,0,1.071,4786
4767,1,1.07,4787
4768,2,1.072,4789
4769,0,1.07,4789
4770,3,1.072,4792
4771,0,1.07,4792
4772,1,1.07,4793
4773,2,1.068,4795
4774,0,1.068,4795
4775,0,1.067,4795
4776,0,1.067,4795
4777,2,1.068,4797
4778,2,1.07,4799
4779,0,1.07,4799
4780,2,1.071,4801
4781,2,1.071,4803
4782,2,1.073,4805
4783,4,1.077,4809
4784,3,1.078,4812
4785,0,1.076,4812
4786,0,1.076,4812
4787,0,1.076,4812
4788,1,1.077,4813
4789,1,1.077,4814
4790,1,1.076,4815
4791,2,1.076,4817
4792,0,1.076,4817
4793,4,1.078,4821
4794,0,1.078,4821
4795,0,1.077,4821
4796,2,1.078,4823
4797,1,1.079,4824
4798,0,1.079,4824
4799,1,1.078,4825
4800,0,1.078,4825
4801,2,1.08,4827
4802,0,1.08,4827
4803,1,1.08,4828
4804,2,1.08,4830
4805,1,1.081,4831
4806,0,1.081,4831
4807,2,1.081,4833
4808,2,1.081,4835
4809,2,1.081,4837
4810,0,1.08,4837
4811,2,1.08,4839
4812,0,1.078,4839
4813,0,1.074,4839
4814,0,1.074,4839
4815,4,1.077,4843
4816,1,1.078,4844
4817,1,1.078,4845
4818,0,1.076,4845
4819,0,1.076,4845
4820,1,1.075,4846
4821,0,1.074,4846
4822,2,1.075,4848
4823,2,1.076,4850
4824,0,1.072,4850
4825,2,1.073,4852
4826,2,1.075,4854
4827,2,1.075,4856
4828,0,1.075,4856
4829,2,1.073,4858
4830,2,1.074,4860
4831,2,1.075,4862
4832,1,1.076,4863
4833,0,1.074,4863
4834,2,1.072,4865
4835,0,1.07,4865
4836,4,1.074,4869
4837,0,1.074,4869
4838,0,1.072,4869
4839,0,1.072,4869
4840,1,1.071,4870
4841,1,1.072,4871
4842,2,1.074,4873
4843,0,1.072,4873
4844,4,1.074,4877
4845,4,1.078,4881
4846,0,1.076,4881
4847,2,1.078,4883
4848,0,1.078,4883
4849,0,1.076,4883
4850,0,1.076,4883
4851,2,1.076,4885
4852,2,1.076,4887
4853,1,1.076,4888
4854,2,1.076,4890
4855,2,1.077,4892
4856,1,1.078,4893
4857,2,1.08,4895
4858,0,1.08,4895
4859,0,1.08,4895
4860,0,1.08,4895
4861,0,1.076,4895
4862,4,1.077,4899
4863,0,1.075,4899
4864,2,1.077,4901
4865,3,1.08,4904
4866,1,1.079,4905
4867,0,1.079,4905
4868,4,1.082,4909
4869,2,1.084,4911
4870,1,1.085,4912
4871,0,1.084,4912
4872,2,1.084,4914
4873,2,1.085,4916
4874,1,1.086,4917
4875,0,1.086,4917
4876,4,1.089,4921
4877,2,1.091,4923
4878,0,1.091,4923
4879,2,1.092,4925
4880,0,1.09,4925
4881,2,1.09,4927
4882,1,1.087,4928
4883,2,1.088,4930
4884,0,1.088,4930
4885,1,1.085,4931
4886,1,1.086,4932
4887,4,1.086,4936
4888,2,1.088,4938
4889,0,1.086,4938
4890,2,1.088,4940
4891,0,1.086,4940
4892,2,1.086,4942
4893,0,1.086,4942
4894,2,1.086,4944
4895,0,1.083,4944
4896,0,1.083,4944
4897,1,1.083,4945
4898,0,1.082,4945
4899,2,1.082,4947
4900,0,1.082,4947
4901,0,1.082,4947
4902,1,1.081,4948
4903,2,1.081,4950
4904,0,1.079,4950
4905,0,1.078,4950
4906,0,1.076,4950
4907,2,1.077,4952
4908,2,1.078,4954
4909,1,1.078,4955
4910,2,1.078,4957
4911,4,1.082,4961
4912,1,1.082,4962
4913,0,1.08,4962
4914,3,1.081,4965
4915,0,1.079,4965
4916,2,1.081,4967
4917,0,1.079,4967
4918,0,1.079,4967
4919,0,1.077,4967
4920,2,1.079,4969
4921,2,1.081,4971
4922,0,1.078,4971
4923,0,1.076,4971
4924,2,1.078,4973
4925,1,1.079,4974
4926,2,1.081,4976
4927,2,1.081,4978
4928,2,1.083,4980
4929,0,1.082,4980
4930,0,1.079,4980
4931,0,1.076,4980
4932,0,1.076,4980
4933,0,1.074,4980
4934,0,1.072,4980
4935,0,1.072,4980
4936,4,1.075,4984
4937,0,1.073,4984
4938,2,1.075,4986
4939,4,1.078,4990
4940,1,1.078,4991
4941,1,1.079,4992
4942,1,1.079,4993
4943,2,1.08,4995
4944,0,1.076,4995
4945,1,1.075,4996
4946,0,1.075,4996
4947,1,1.075,4997
4948,2,1.075,4999
4949,0,1.075,4999
4950,2,1.073,5001
4951,2,1.074,5003
4952,4,1.078,5007
4953,2,1.08,5009
4954,0,1.077,5009
4955,2,1.077,5011
4956,2,1.077,5013
4957,2,1.079,5015
4958,2,1.079,5017
4959,0,1.078,5017
4960,2,1.077,5019
4961,0,1.077,5019
4962,0,1.076,5019
4963,2,1.078,5021
4964,0,1.078,5021
4965,4,1.082,5025
4966,2,1.082,5027
4967,0,1.082,5027
4968,2,1.082,5029
4969,1,1.082,5030
4970,2,1.08,5032
4971,0,1.079,5032
4972,0,1.078,5032
4973,0,1.077,5032
4974,2,1.079,5034
4975,2,1.081,5036
4976,0,1.08,5036
4977,2,1.08,5038
4978,2,1.08,5040
4979,2,1.082,5042
4980,0,1.082,5042
4981,1,1.081,5043
4982,2,1.082,5045
4983,2,1.083,5047
4984,0,1.082,5047
4985,0,1.081,5047
4986,1,1.082,5048
4987,2,1.083,5050
4988,0,1.083,5050
4989,4,1.085,5054
4990,0,1.084,5054
4991,0,1.084,5054
4992,0,1.082,5054
4993,1,1.081,5055
4994,0,1.08,5055
4995,0,1.079,5055
4996,2,1.081,5057
4997,1,1.082,5058
4998,0,1.082,5058
4999,1,1.082,5059
5000,1,1.082,5060
5001,0,1.08,5060
5002,2,1.082,5062
5003,2,1.084,5064
5004,0,1.082,5064
5005,0,1.081,5064
5006,2,1.083,5066
5007,0,1.081,5066
5008,0,1.081,5066
5009,1,1.082,5067
5010,0,1.08,5067
5011,2,1.082,5069
5012,2,1.082,5071
5013,4,1.085,5075
5014,0,1.085,5075
5015,0,1.085,5075
5016,1,1.084,5076
5017,2,1.085,5078
5018,1,1.086,5079
5019,3,1.089,5082
5020,2,1.089,5084
5021,1,1.088,5085
5022,0,1.087,5085
5023,0,1.086,5085
5024,2,1.085,5087
5025,1,1.086,5088
5026,0,1.085,5088
5027,3,1.087,5091
5028,0,1.085,5091
5029,2,1.085,5093
5030,0,1.084,5093
5031,2,1.086,5095
5032,0,1.085,5095
5033,4,1.087,5099
5034,0,1.086,5099
5035,0,1.085,5099
5036,2,1.085,5101
5037,2,1.085,5103
5038,2,1.085,5105
5039,0,1.085,5105
5040,2,1.087,5107
5041,2,1.088,5109
5042,0,1.088,5109
5043,0,1.086,5109
5044,4,1.089,5113
5045,0,1.088,5113
5046,3,1.09,5116
5047,2,1.092,5118
5048,2,1.094,5120
5049,1,1.093,5121
5050,3,1.095,5124
5051,4,1.097,5128
5052,0,1.095,5128
5053,1,1.094,5129
5054,2,1.096,5131
5055,2,1.096,5133
5056,0,1.094,5133
5057,0,1.094,5133
5058,2,1.094,5135
5059,0,1.094,5135
5060,1,1.094,5136
5061,1,1.095,5137
5062,2,1.097,5139
5063,2,1.098,5141
5064,0,1.097,5141
5065,2,1.098,5143
5066,0,1.098,5143
5067,0,1.097,5143
5068,2,1.099,5145
5069,0,1.097,5145
5070,0,1.097,5145
5071,0,1.095,5145
5072,2,1.096,5147
5073,0,1.096,5147
5074,3,1.099,5150
5075,1,1.1,5151
5076,0,1.099,5151
5077,1,1.099,5152
5078,0,1.098,5152
5079,0,1.097,5152
5080,1,1.098,5153
5081,0,1.097,5153
5082,2,1.098,5155
5083,2,1.1,5157
5084,1,1.099,5158
5085,0,1.098,5158
5086,1,1.098,5159
5087,0,1.098,5159
5088,0,1.097,5159
5089,1,1.098,5160
5090,2,1.1,5162
5091,2,1.102,5164
5092,2,1.104,5166
5093,2,1.106,5168
5094,2,1.106,5170
5095,2,1.108,5172
5096,1,1.107,5173
5097,0,1.107,5173
5098,2,1.109,5175
5099,2,1.11,5177
5100,1,1.111,5178
5101,2,1.112,5180
5102,0,1.11,5180
5103,2,1.112,5182
5104,2,1.112,5184
5105,0,1.112,5184
5106,0,1.112,5184
5107,0,1.111,5184
5108,2,1.113,5186
5109,2,1.115,5188
5110,2,1.117,5190
5111,2,1.118,5192
5112,4,1.121,5196
5113,0,1.12,5196
5114,0,1.12,5196
5115,2,1.122,5198
5116,4,1.125,5202
5117,0,1.124,5202
5118,1,1.121,5203
5119,3,1.124,5206
5120,2,1.126,5208
5121,2,1.128,5210
5122,2,1.127,5212
5123,0,1.125,5212
5124,2,1.125,5214
5125,2,1.126,5216
5126,1,1.127,5217
5127,2,1.128,5219
5128,0,1.126,5219
5129,2,1.125,5221
5130,2,1.126,5223
5131,4,1.128,5227
5132,0,1.126,5227
5133,2,1.128,5229
5134,1,1.129,5230
5135,2,1.128,5232
5136,0,1.128,5232
5137,2,1.129,5234
5138,0,1.129,5234
5139,2,1.13,5236
5140,0,1.129,5236
5141,2,1.13,5238
5142,2,1.132,5240
5143,0,1.131,5240
5144,1,1.132,5241
5145,2,1.134,5243
5146,2,1.135,5245
5147,2,1.137,5247
5148,2,1.137,5249
5149,2,1.136,5251
5150,0,1.134,5251
5151,1,1.134,5252
5152,0,1.133,5252
5153,0,1.133,5252
5154,1,1.134,5253
5155,1,1.135,5254
5156,2,1.135,5256
5157,2,1.137,5258
5158,2,1.139,5260
5159,2,1.141,5262
5160,2,1.143,5264
5161,2,1.143,5266
5162,2,1.143,5268
5163,2,1.145,5270
5164,0,1.143,5270
5165,1,1.143,5271
5166,0,1.143,5271
5167,0,1.141,5271
5168,0,1.14,5271
5169,2,1.142,5273
5170,0,1.14,5273
5171,1,1.141,5274
5172,1,1.141,5275
5173,1,1.141,5276
5174,0,1.14,5276
5175,0,1.14,5276
5176,3,1.143,5279
5177,0,1.143,5279
5178,4,1.144,5283
5179,1,1.144,5284
5180,0,1.143,5284
5181,3,1.143,5287
5182,0,1.143,5287
5183,2,1.145,5289
5184,1,1.146,5290
5185,1,1.146,5291
5186,2,1.146,5293
5187,0,1.146,5293
5188,0,1.146,5293
5189,2,1.146,5295
5190,0,1.146,5295
5191,0,1.146,5295
5192,2,1.148,5297
5193,4,1.152,5301
5194,4,1.155,5305
5195,0,1.151,5305
5196,2,1.153,5307
5197,1,1.154,5308
5198,0,1.154,5308
5199,2,1.156,5310
5200,0,1.155,5310
5201,2,1.156,5312
5202,0,1.156,5312
5203,2,1.156,5314
5204,2,1.156,5316
5205,1,1.157,5317
5206,2,1.157,5319
5207,1,1.157,5320
5208,0,1.155,5320
5209,2,1.157,5322
5210,2,1.155,5324
5211,0,1.154,5324
5212,0,1.154,5324
5213,2,1.156,5326
5214,2,1.156,5328
5215,2,1.154,5330
5216,2,1.154,5332
5217,2,1.154,5334
5218,2,1.156,5336
5219,1,1.157,5337
5220,0,1.155,5337
5221,2,1.156,5339
5222,2,1.158,5341
5223,4,1.162,5345
5224,2,1.161,5347
5225,1,1.161,5348
5226,2,1.16,5350
5227,2,1.161,5352
5228,2,1.162,5354
5229,0,1.162,5354
5230,0,1.161,5354
5231,2,1.162,5356
5232,0,1.161,5356
5233,2,1.161,5358
5234,3,1.164,5361
5235,1,1.162,5362
5236,2,1.163,5364
5237,0,1.161,5364
5238,2,1.163,5366
5239,0,1.163,5366
5240,0,1.162,5366
5241,1,1.163,5367
5242,0,1.163,5367
5243,2,1.163,5369
5244,1,1.163,5370
5245,2,1.165,5372
5246,3,1.168,5375
5247,2,1.169,5377
5248,0,1.169,5377
5249,2,1.17,5379
5250,2,1.17,5381
5251,0,1.169,5381
5252,0,1.169,5381
5253,0,1.169,5381
5254,0,1.169,5381
5255,2,1.171,5383
5256,0,1.171,5383
5257,1,1.172,5384
5258,2,1.173,5386
5259,0,1.172,5386
5260,4,1.175,5390
5261,1,1.174,5391
5262,1,1.173,5392
5263,0,1.172,5392
5264,2,1.173,5394
5265,2,1.173,5396
5266,0,1.171,5396
5267,2,1.173,5398
5268,1,1.173,5399
5269,1,1.172,5400
5270,2,1.174,5402
5271,1,1.172,5403
5272,3,1.173,5406
5273,2,1.175,5408
5274,1,1.174,5409
5275,1,1.175,5410
5276,2,1.176,5412
5277,0,1.172,5412
5278,0,1.172,5412
5279,0,1.172,5412
5280,1,1.173,5413
5281,2,1.174,5415
5282,4,1.176,5419
5283,2,1.175,5421
5284,2,1.175,5423
5285,1,1.175,5424
5286,0,1.175,5424
5287,1,1.176,5425
5288,1,1.176,5426
5289,1,1.177,5427
5290,0,1.177,5427
5291,2,1.179,5429
5292,1,1.179,5430
5293,0,1.178,5430
5294,1,1.178,5431
5295,0,1.177,5431
5296,0,1.176,5431
5297,1,1.176,5432
5298,1,1.177,5433
5299,2,1.179,5435
5300,0,1.178,5435
5301,2,1.18,5437
5302,2,1.178,5439
5303,0,1.176,5439
5304,2,1.178,5441
5305,2,1.177,5443
5306,1,1.178,5444
5307,0,1.176,5444
5308,2,1.178,5446
5309,0,1.175,5446
5310,0,1.175,5446
5311,2,1.177,5448
5312,2,1.179,5450
5313,1,1.179,5451
5314,0,1.179,5451
5315,0,1.179,5451
5316,2,1.178,5453
5317,1,1.178,5454
5318,0,1.177,5454
5319,2,1.178,5456
5320,1,1.179,5457
5321,2,1.18,5459
5322,2,1.18,5461
5323,4,1.184,5465
5324,4,1.188,5469
5325,2,1.19,5471
5326,1,1.19,5472
5327,2,1.19,5474
5328,1,1.189,5475
5329,0,1.189,5475
5330,2,1.189,5477
5331,2,1.19,5479
5332,0,1.19,5479
5333,2,1.192,5481
5334,0,1.191,5481
5335,0,1.191,5481
5336,1,1.192,5482
5337,3,1.195,5485
5338,0,1.194,5485
5339,4,1.198,5489
5340,1,1.198,5490
5341,1,1.198,5491
5342,2,1.199,5493
5343,2,1.197,5495
5344,0,1.197,5495
5345,2,1.199,5497
5346,1,1.2,5498
5347,0,1.198,5498
5348,0,1.196,5498
5349,0,1.196,5498
5350,0,1.194,5498
5351,2,1.194,5500
5352,2,1.194,5502
5353,3,1.197,5505
5354,0,1.197,5505
5355,4,1.201,5509
5356,0,1.199,5509
5357,2,1.201,5511
5358,2,1.202,5513
5359,3,1.202,5516
5360,2,1.204,5518
5361,0,1.2,5518
5362,0,1.198,5518
5363,0,1.198,5518
5364,0,1.198,5518
5365,2,1.2,5520
5366,2,1.2,5522
5367,0,1.2,5522
5368,2,1.202,5524
5369,2,1.202,5526
5370,1,1.201,5527
5371,2,1.203,5529
5372,2,1.203,5531
5373,1,1.202,5532
5374,0,1.202,5532
5375,0,1.2,5532
5376,0,1.2,5532
5377,0,1.198,5532
5378,2,1.2,5534
5379,2,1.202,5536
5380,0,1.202,5536
5381,1,1.203,5537
5382,0,1.199,5537
5383,2,1.199,5539
5384,0,1.198,5539
5385,0,1.196,5539
5386,0,1.196,5539
5387,0,1.194,5539
5388,0,1.192,5539
5389,2,1.194,5541
5390,2,1.194,5543
5391,1,1.193,5544
5392,2,1.193,5546
5393,2,1.195,5548
5394,2,1.197,5550
5395,2,1.197,5552
5396,2,1.197,5554
5397,0,1.195,5554
5398,0,1.193,5554
5399,0,1.192,5554
5400,2,1.19,5556
5401,0,1.189,5556
5402,0,1.188,5556
5403,2,1.186,5558
5404,0,1.184,5558
5405,2,1.184,5560
5406,0,1.182,5560
5407,2,1.182,5562
5408,0,1.182,5562
5409,1,1.183,5563
5410,2,1.184,5565
5411,0,1.184,5565
5412,2,1.186,5567
5413,2,1.187,5569
5414,0,1.186,5569
5415,0,1.186,5569
5416,2,1.186,5571
5417,0,1.186,5571
5418,2,1.188,5573
5419,0,1.188,5573
5420,2,1.19,5575
5421,2,1.191,5577
5422,2,1.193,5579
5423,2,1.194,5581
5424,2,1.196,5583
5425,2,1.194,5585
5426,2,1.195,5587
5427,0,1.193,5587
5428,2,1.193,5589
5429,3,1.196,5592
5430,0,1.194,5592
5431,2,1.194,5594
5432,0,1.19,5594
5433,0,1.19,5594
5434,2,1.188,5596
5435,2,1.188,5598
5436,2,1.189,5600
5437,2,1.19,5602
5438,2,1.19,5604
5439,1,1.191,5605
5440,1,1.192,5606
5441,1,1.192,5607
5442,2,1.194,5609
5443,2,1.196,5611
5444,0,1.192,5611
5445,2,1.194,5613
5446,0,1.193,5613
5447,1,1.194,5614
5448,0,1.191,5614
5449,1,1.19,5615
5450,4,1.194,5619
5451,3,1.197,5622
5452,1,1.197,5623
5453,2,1.199,5625
5454,1,1.198,5626
5455,0,1.195,5626
5456,0,1.195,5626
5457,0,1.195,5626
5458,0,1.193,5626
5459,2,1.194,5628
5460,4,1.194,5632
5461,0,1.194,5632
5462,2,1.196,5634
5463,0,1.194,5634
5464,2,1.194,5636
5465,2,1.192,5638
5466,0,1.192,5638
5467,1,1.191,5639
5468,0,1.19,5639
5469,0,1.188,5639
5470,4,1.192,5643
5471,0,1.192,5643
5472,0,1.188,5643
5473,1,1.189,5644
5474,1,1.189,5645
5475,4,1.192,5649
5476,1,1.193,5650
5477,1,1.192,5651
5478,0,1.19,5651
5479,4,1.192,5655
5480,2,1.192,5657
5481,2,1.192,5659
5482,2,1.194,5661
5483,0,1.192,5661
5484,0,1.191,5661
5485,1,1.19,5662
5486,0,1.19,5662
5487,2,1.192,5664
5488,0,1.188,5664
5489,2,1.188,5666
5490,0,1.186,5666
5491,0,1.186,5666
5492,1,1.186,5667
5493,2,1.188,5669
5494,0,1.187,5669
5495,0,1.187,5669
5496,4,1.189,5673
5497,1,1.19,5674
5498,1,1.189,5675
5499,0,1.189,5675
5500,0,1.187,5675
5501,2,1.188,5677
5502,2,1.188,5679
5503,1,1.187,5680
5504,0,1.187,5680
5505,1,1.187,5681
5506,0,1.185,5681
5507,0,1.183,5681
5508,2,1.181,5683
5509,2,1.183,5685
5510,1,1.184,5686
5511,2,1.184,5688
5512,0,1.184,5688
5513,1,1.183,5689
5514,0,1.181,5689
5515,4,1.185,5693
5516,0,1.181,5693
5517,2,1.181,5695
5518,0,1.181,5695
5519,0,1.18,5695
5520,0,1.18,5695
5521,2,1.18,5697
5522,0,1.178,5697
5523,1,1.178,5698
5524,0,1.176,5698
5525,0,1.176,5698
5526,4,1.18,5702
5527,2,1.182,5704
5528,2,1.184,5706
5529,4,1.188,5710
5530,1,1.187,5711
5531,0,1.186,5711
5532,2,1.187,5713
5533,0,1.187,5713
5534,2,1.187,5715
5535,0,1.185,5715
5536,0,1.181,5715
5537,2,1.182,5717
5538,2,1.181,5719
5539,1,1.178,5720
5540,2,1.178,5722
5541,2,1.178,5724
5542,2,1.18,5726
5543,2,1.18,5728
5544,2,1.182,5730
5545,1,1.183,5731
5546,2,1.183,5733
5547,2,1.185,5735
5548,2,1.187,5737
5549,0,1.186,5737
5550,0,1.185,5737
5551,2,1.186,5739
5552,2,1.187,5741
5553,2,1.188,5743
5554,0,1.188,5743
5555,2,1.188,5745
5556,2,1.188,5747
5557,2,1.188,5749
5558,0,1.188,5749
5559,0,1.186,5749
5560,0,1.184,5749
5561,0,1.182,5749
5562,0,1.182,5749
5563,0,1.182,5749
5564,0,1.18,5749
5565,0,1.18,5749
5566,2,1.182,5751
5567,0,1.18,5751
5568,2,1.18,5753
5569,2,1.178,5755
5570,0,1.178,5755
5571,2,1.178,5757
5572,0,1.176,5757
5573,3,1.179,5760
5574,2,1.18,5762
5575,3,1.181,5765
5576,2,1.183,5767
5577,2,1.183,5769
5578,1,1.182,5770
5579,2,1.182,5772
5580,4,1.184,5776
5581,0,1.183,5776
5582,1,1.182,5777
5583,0,1.182,5777
5584,0,1.18,5777
5585,0,1.179,5777
5586,2,1.179,5779
5587,2,1.18,5781
5588,2,1.18,5783
5589,2,1.182,5785
5590,2,1.184,5787
5591,0,1.184,5787
5592,0,1.184,5787
5593,1,1.185,5788
5594,0,1.184,5788
5595,2,1.186,5790
5596,1,1.187,5791
5597,4,1.189,5795
5598,1,1.189,5796
5599,0,1.187,5796
5600,2,1.188,5798
5601,0,1.187,5798
5602,2,1.187,5800
5603,0,1.185,5800
5604,2,1.185,5802
5605,0,1.183,5802
5606,2,1.183,5804
5607,2,1.185,5806
5608,2,1.185,5808
5609,2,1.187,5810
5610,0,1.187,5810
5611,0,1.185,5810
5612,2,1.186,5812
5613,2,1.187,5814
5614,2,1.187,5816
5615,2,1.189,5818
5616,1,1.189,5819
5617,2,1.189,5821
5618,2,1.19,5823
5619,0,1.188,5823
5620,2,1.188,5825
5621,0,1.184,5825
5622,2,1.185,5827
5623,2,1.186,5829
5624,0,1.184,5829
5625,0,1.183,5829
5626,0,1.182,5829
5627,0,1.182,5829
5628,0,1.182,5829
5629,0,1.18,5829
5630,0,1.178,5829
5631,0,1.178,5829
5632,1,1.179,5830
5633,2,1.181,5832
5634,2,1.181,5834
5635,2,1.182,5836
5636,1,1.181,5837
5637,2,1.181,5839
5638,2,1.182,5841
5639,2,1.182,5843
5640,0,1.18,5843
5641,2,1.181,5845
5642,4,1.181,5849
5643,0,1.181,5849
5644,2,1.181,5851
5645,2,1.183,5853
5646,2,1.184,5855
5647,1,1.183,5856
5648,2,1.185,5858
5649,2,1.185,5860
5650,3,1.187,5863
5651,1,1.186,5864
5652,2,1.186,5866
5653,1,1.185,5867
5654,1,1.186,5868
5655,4,1.188,5872
5656,0,1.186,5872
5657,0,1.184,5872
5658,2,1.182,5874
5659,4,1.184,5878
5660,0,1.184,5878
5661,2,1.184,5880
5662,0,1.184,5880
5663,1,1.184,5881
5664,0,1.183,5881
5665,2,1.185,5883
5666,2,1.187,5885
5667,1,1.187,5886
5668,2,1.189,5888
5669,1,1.19,5889
5670,1,1.191,5890
5671,2,1.193,5892
5672,2,1.195,5894
5673,2,1.195,5896
5674,0,1.193,5896
5675,2,1.194,5898
5676,2,1.195,5900
5677,2,1.193,5902
5678,2,1.195,5904
5679,1,1.194,5905
5680,0,1.192,5905
5681,1,1.193,5906
5682,2,1.193,5908
5683,2,1.195,5910
5684,2,1.195,5912
5685,2,1.195,5914
5686,0,1.194,5914
5687,4,1.196,5918
5688,0,1.194,5918
5689,2,1.194,5920
5690,0,1.192,5920
5691,2,1.192,5922
5692,1,1.191,5923
5693,2,1.193,5925
5694,1,1.192,5926
5695,1,1.191,5927
5696,2,1.192,5929
5697,4,1.195,5933
5698,2,1.197,5935
5699,0,1.194,5935
5700,0,1.194,5935
5701,0,1.194,5935
5702,2,1.195,5937
5703,0,1.195,5937
5704,2,1.196,5939
5705,2,1.197,5941
5706,2,1.197,5943
5707,1,1.197,5944
5708,2,1.199,5946
5709,2,1.201,5948
5710,2,1.201,5950
5711,0,1.2,5950
5712,2,1.202,5952
5713,0,1.201,5952
5714,1,1.201,5953
5715,1,1.202,5954
5716,2,1.204,5956
5717,2,1.206,5958
5718,2,1.208,5960
5719,0,1.207,5960
5720,1,1.207,5961
5721,2,1.208,5963
5722,0,1.208,5963
5723,0,1.208,5963
5724,0,1.207,5963
5725,0,1.207,5963
5726,2,1.209,5965
5727,0,1.209,5965
5728,0,1.209,5965
5729,2,1.21,5967
5730,2,1.212,5969
5731,0,1.212,5969
5732,0,1.211,5969
5733,2,1.211,5971
5734,2,1.212,5973
5735,2,1.214,5975
5736,2,1.216,5977
5737,0,1.215,5977
5738,1,1.214,5978
5739,0,1.214,5978
5740,0,1.214,5978
5741,2,1.215,5980
5742,0,1.214,5980
5743,1,1.212,5981
5744,0,1.212,5981
5745,2,1.212,5983
5746,2,1.213,5985
5747,1,1.213,5986
5748,2,1.215,5988
5749,2,1.217,5990
5750,0,1.216,5990
5751,2,1.218,5992
5752,2,1.219,5994
5753,0,1.218,5994
5754,2,1.22,5996
5755,1,1.221,5997
5756,0,1.221,5997
5757,2,1.222,5999
5758,2,1.223,6001
5759,0,1.222,6001
5760,1,1.223,6002
5761,0,1.223,6002
5762,2,1.223,6004
5763,2,1.223,6006
5764,0,1.221,6006
5765,1,1.221,6007
5766,2,1.223,6009
5767,0,1.222,6009
5768,0,1.22,6009
5769,0,1.22,6009
5770,1,1.218,6010
5771,1,1.219,6011
5772,0,1.218,6011
5773,0,1.216,6011
5774,2,1.218,6013
5775,1,1.219,6014
5776,0,1.219,6014
5777,2,1.219,6016
5778,2,1.219,6018
5779,0,1.219,6018
5780,1,1.218,6019
5781,0,1.216,6019
5782,2,1.216,6021
5783,0,1.212,6021
5784,1,1.21,6022
5785,0,1.21,6022
5786,2,1.212,6024
5787,2,1.214,6026
5788,1,1.214,6027
5789,0,1.213,6027
5790,2,1.214,6029
5791,2,1.214,6031
5792,2,1.216,6033
5793,2,1.214,6035
5794,2,1.216,6037
5795,2,1.218,6039
5796,2,1.218,6041
5797,2,1.219,6043
5798,0,1.219,6043
5799,2,1.22,6045
5800,2,1.222,6047
5801,2,1.222,6049
5802,2,1.224,6051
5803,2,1.225,6053
5804,1,1.224,6054
5805,2,1.225,6056
5806,2,1.227,6058
5807,0,1.225,6058
5808,2,1.225,6060
5809,0,1.223,6060
5810,2,1.225,6062
5811,2,1.225,6064
5812,2,1.227,6066
5813,2,1.229,6068
5814,2,1.231,6070
5815,0,1.227,6070
5816,2,1.228,6072
5817,1,1.228,6073
5818,2,1.23,6075
5819,0,1.23,6075
5820,1,1.23,6076
5821,1,1.231,6077
5822,2,1.231,6079
5823,0,1.229,6079
5824,1,1.23,6080
5825,0,1.228,6080
5826,0,1.226,6080
5827,1,1.225,6081
5828,0,1.225,6081
5829,2,1.225,6083
5830,2,1.225,6085
5831,0,1.223,6085
5832,3,1.225,6088
5833,2,1.227,6090
5834,2,1.227,6092
5835,0,1.227,6092
5836,2,1.225,6094
5837,0,1.225,6094
5838,2,1.227,6096
5839,2,1.229,6098
5840,0,1.228,6098
5841,1,1.228,6099
5842,0,1.226,6099
5843,2,1.228,6101
5844,1,1.225,6102
5845,2,1.223,6104
5846,0,1.223,6104
5847,2,1.223,6106
5848,2,1.225,6108
5849,2,1.227,6110
5850,1,1.228,6111
5851,0,1.226,6111
5852,2,1.226,6113
5853,2,1.227,6115
5854,2,1.227,6117
5855,2,1.227,6119
5856,1,1.227,6120
5857,2,1.227,6122
5858,2,1.229,6124
5859,0,1.229,6124
5860,0,1.229,6124
5861,2,1.231,6126
5862,2,1.229,6128
5863,2,1.231,6130
5864,2,1.231,6132
5865,2,1.23,6134
5866,1,1.23,6135
5867,0,1.23,6135
5868,0,1.226,6135
5869,0,1.224,6135
5870,1,1.224,6136
5871,2,1.226,6138
5872,2,1.226,6140
5873,0,1.224,6140
5874,0,1.223,6140
5875,0,1.223,6140
5876,0,1.219,6140
5877,2,1.219,6142
5878,2,1.221,6144
5879,2,1.221,6146
5880,2,1.223,6148
5881,0,1.221,6148
5882,2,1.222,6150
5883,0,1.22,6150
5884,2,1.222,6152
5885,2,1.223,6154
5886,2,1.224,6156
5887,2,1.222,6158
5888,2,1.222,6160
5889,2,1.224,6162
5890,1,1.223,6163
5891,1,1.224,6164
5892,2,1.224,6166
5893,1,1.225,6167
5894,0,1.223,6167
5895,2,1.225,6169
5896,1,1.226,6170
5897,2,1.227,6172
5898,2,1.229,6174
5899,0,1.227,6174
5900,3,1.23,6177
5901,0,1.23,6177
5902,0,1.229,6177
5903,2,1.229,6179
5904,2,1.231,6181
5905,0,1.231,6181
5906,0,1.231,6181
5907,0,1.229,6181
5908,2,1.229,6183
5909,0,1.228,6183
5910,2,1.228,6185
5911,2,1.226,6187
5912,2,1.227,6189
5913,2,1.229,6191
5914,2,1.228,6193
5915,2,1.23,6195
5916,1,1.229,6196
5917,1,1.23,6197
5918,2,1.232,6199
5919,2,1.234,6201
5920,2,1.234,6203
5921,1,1.233,6204
5922,1,1.234,6205
5923,1,1.235,6206
5924,2,1.235,6208
5925,0,1.234,6208
5926,0,1.232,6208
5927,0,1.23,6208
5928,2,1.23,6210
5929,2,1.232,6212
5930,2,1.234,6214
5931,1,1.235,6215
5932,2,1.237,6217
5933,0,1.237,6217
5934,3,1.24,6220
5935,1,1.241,6221
5936,0,1.237,6221
5937,2,1.239,6223
5938,2,1.239,6225
5939,2,1.237,6227
5940,0,1.236,6227
5941,2,1.237,6229
5942,2,1.238,6231
5943,1,1.237,6232
5944,2,1.239,6234
5945,3,1.241,6237
5946,1,1.242,6238
5947,0,1.241,6238
5948,0,1.239,6238
5949,2,1.241,6240
5950,4,1.243,6244
5951,0,1.241,6244
5952,0,1.237,6244
5953,2,1.237,6246
5954,0,1.237,6246
5955,2,1.237,6248
5956,2,1.237,6250
5957,1,1.236,6251
5958,0,1.234,6251
5959,1,1.235,6252
5960,1,1.234,6253
5961,4,1.238,6257
5962,2,1.24,6259
5963,0,1.238,6259
5964,0,1.238,6259
5965,1,1.235,6260
5966,0,1.233,6260
5967,1,1.234,6261
5968,2,1.234,6263
5969,2,1.235,6265
5970,2,1.235,6267
5971,0,1.235,6267
5972,2,1.237,6269
5973,0,1.237,6269
5974,0,1.235,6269
5975,3,1.236,6272
5976,0,1.236,6272
5977,1,1.235,6273
5978,0,1.233,6273
5979,2,1.233,6275
5980,2,1.235,6277
5981,1,1.235,6278
5982,2,1.235,6280
5983,2,1.235,6282
5984,0,1.235,6282
5985,2,1.237,6284
5986,0,1.236,6284
5987,2,1.236,6286
5988,0,1.236,6286
5989,0,1.232,6286
5990,0,1.232,6286
5991,2,1.234,6288
5992,2,1.236,6290
5993,1,1.236,6291
5994,1,1.237,6292
5995,0,1.237,6292
5996,2,1.237,6294
5997,2,1.238,6296
5998,2,1.24,6298
5999,1,1.24,6299
6000,0,1.239,6299
6001,2,1.241,6301
6002,1,1.24,6302
6003,0,1.238,6302
6004,2,1.24,6304
6005,2,1.242,6306
6006,2,1.242,6308
6007,0,1.242,6308
6008,0,1.242,6308
6009,2,1.243,6310
6010,0,1.243,6310
6011,0,1.241,6310
6012,1,1.24,6311
6013,2,1.238,6313
6014,4,1.242,6317
6015,0,1.242,6317
6016,0,1.241,6317
6017,2,1.241,6319
6018,2,1.242,6321
6019,2,1.241,6323
6020,0,1.239,6323
6021,0,1.238,6323
6022,2,1.24,6325
6023,3,1.243,6328
6024,2,1.243,6330
6025,2,1.244,6332
6026,2,1.246,6334
6027,1,1.244,6335
6028,0,1.244,6335
6029,0,1.242,6335
6030,2,1.244,6337
6031,2,1.244,6339
6032,2,1.246,6341
6033,2,1.244,6343
6034,1,1.245,6344
6035,4,1.249,6348
6036,2,1.249,6350
6037,2,1.249,6352
6038,2,1.249,6354
6039,0,1.249,6354
6040,0,1.247,6354
6041,2,1.247,6356
6042,2,1.249,6358
6043,2,1.251,6360
6044,0,1.247,6360
6045,1,1.248,6361
6046,2,1.247,6363
6047,0,1.245,6363
6048,3,1.246,6366
6049,0,1.245,6366
6050,2,1.244,6368
6051,0,1.24,6368
6052,2,1.242,6370
6053,2,1.243,6372
6054,2,1.243,6374
6055,0,1.241,6374
6056,0,1.241,6374
6057,0,1.241,6374
6058,2,1.241,6376
6059,0,1.241,6376
6060,2,1.242,6378
6061,2,1.243,6380
6062,2,1.243,6382
6063,0,1.241,6382
6064,2,1.243,6384
6065,2,1.243,6386
6066,1,1.244,6387
6067,2,1.246,6389
6068,0,1.244,6389
6069,0,1.244,6389
6070,2,1.246,6391
6071,0,1.246,6391
6072,1,1.245,6392
6073,0,1.245,6392
6074,3,1.245,6395
6075,0,1.244,6395
6076,2,1.246,6397
6077,0,1.245,6397
6078,2,1.247,6399
6079,2,1.249,6401
6080,2,1.25,6403
6081,2,1.252,6405
6082,2,1.252,6407
6083,2,1.252,6409
6084,2,1.253,6411
6085,1,1.254,6412
6086,0,1.253,6412
6087,4,1.257,6416
6088,0,1.257,6416
6089,2,1.258,6418
6090,0,1.256,6418
6091,0,1.254,6418
6092,2,1.254,6420
6093,2,1.254,6422
6094,1,1.253,6423
6095,1,1.252,6424
6096,2,1.253,6426
6097,2,1.255,6428
6098,2,1.255,6430
6099,2,1.255,6432
6100,0,1.254,6432
6101,1,1.253,6433
6102,4,1.257,6437
6103,4,1.259,6441
6104,1,1.258,6442
6105,0,1.258,6442
6106,2,1.26,6444
6107,2,1.262,6446
6108,2,1.262,6448
6109,1,1.261,6449
6110,2,1.261,6451
6111,2,1.261,6453
6112,0,1.257,6453
6113,2,1.259,6455
6114,1,1.26,6456
6115,0,1.258,6456
6116,0,1.254,6456
6117,0,1.254,6456
6118,0,1.253,6456
6119,0,1.25,6456
6120,1,1.249,6457
6121,2,1.249,6459
6122,4,1.251,6463
6123,2,1.253,6465
6124,2,1.253,6467
6125,2,1.253,6469
6126,2,1.254,6471
6127,2,1.254,6473
6128,2,1.256,6475
6129,2,1.256,6477
6130,0,1.254,6477
6131,4,1.254,6481
6132,2,1.256,6483
6133,0,1.254,6483
6134,0,1.253,6483
6135,2,1.253,6485
6136,2,1.255,6487
6137,2,1.255,6489
6138,2,1.257,6491
6139,2,1.257,6493
6140,2,1.259,6495
6141,0,1.257,6495
6142,0,1.255,6495
6143,2,1.257,6497
6144,2,1.258,6499
6145,2,1.258,6501
6146,0,1.256,6501
6147,2,1.256,6503
6148,2,1.256,6505
6149,0,1.254,6505
6150,2,1.256,6507
6151,0,1.255,6507
6152,0,1.255,6507
6153,2,1.257,6509
6154,0,1.256,6509
6155,2,1.257,6511
6156,1,1.256,6512
6157,2,1.256,6514
6158,3,1.257,6517
6159,2,1.257,6519
6160,0,1.255,6519
6161,2,1.255,6521
6162,1,1.254,6522
6163,2,1.254,6524
6164,2,1.256,6526
6165,2,1.257,6528
6166,1,1.258,6529
6167,2,1.26,6531
6168,2,1.262,6533
6169,0,1.26,6533
6170,2,1.262,6535
6171,1,1.262,6536
6172,2,1.263,6538
6173,2,1.264,6540
6174,1,1.265,6541
6175,2,1.267,6543
6176,3,1.267,6546
6177,1,1.268,6547
6178,1,1.265,6548
6179,1,1.265,6549
6180,1,1.266,6550
6181,0,1.263,6550
6182,0,1.263,6550
6183,0,1.261,6550
6184,1,1.261,6551
6185,1,1.261,6552
6186,1,1.26,6553
6187,0,1.26,6553
6188,1,1.261,6554
6189,1,1.26,6555
6190,1,1.261,6556
6191,0,1.261,6556
6192,4,1.263,6560
6193,2,1.261,6562
6194,0,1.257,6562
6195,0,1.257,6562
6196,2,1.257,6564
6197,1,1.257,6565
6198,0,1.257,6565
6199,0,1.255,6565
6200,2,1.257,6567
6201,0,1.255,6567
6202,0,1.255,6567
6203,1,1.254,6568
6204,1,1.253,6569
6205,1,1.253,6570
6206,2,1.253,6572
6207,1,1.253,6573
6208,1,1.254,6574
6209,0,1.252,6574
6210,0,1.25,6574
6211,0,1.25,6574
6212,0,1.25,6574
6213,2,1.25,6576
6214,2,1.25,6578
6215,2,1.25,6580
6216,2,1.25,6582
6217,2,1.25,6584
6218,1,1.249,6585
6219,0,1.248,6585
6220,1,1.249,6586
6221,0,1.247,6586
6222,2,1.247,6588
6223,0,1.243,6588
6224,0,1.241,6588
6225,1,1.241,6589
6226,0,1.239,6589
6227,2,1.239,6591
6228,2,1.239,6593
6229,2,1.241,6595
6230,1,1.242,6596
6231,2,1.242,6598
6232,4,1.246,6602
6233,2,1.246,6604
6234,0,1.243,6604
6235,0,1.242,6604
6236,2,1.242,6606
6237,2,1.244,6608
6238,2,1.244,6610
6239,2,1.246,6612
6240,2,1.248,6614
6241,2,1.249,6616
6242,0,1.249,6616
6243,0,1.247,6616
6244,0,1.246,6616
6245,2,1.246,6618
6246,2,1.245,6620
6247,2,1.245,6622
6248,0,1.245,6622
6249,0,1.243,6622
6250,4,1.245,6626
6251,1,1.246,6627
6252,1,1.247,6628
6253,0,1.247,6628
6254,4,1.251,6632
6255,0,1.249,6632
6256,2,1.251,6634
6257,0,1.25,6634
6258,0,1.248,6634
6259,0,1.248,6634
6260,2,1.246,6636
6261,3,1.248,6639
6262,1,1.248,6640
6263,0,1.248,6640
6264,2,1.248,6642
6265,0,1.246,6642
6266,2,1.248,6644
6267,1,1.247,6645
6268,0,1.246,6645
6269,2,1.247,6647
6270,2,1.247,6649
6271,0,1.246,6649
6272,0,1.243,6649
6273,0,1.241,6649
6274,3,1.243,6652
6275,0,1.242,6652
6276,0,1.24,6652
6277,2,1.242,6654
6278,0,1.242,6654
6279,0,1.242,6654
6280,2,1.243,6656
6281,4,1.245,6660
6282,0,1.241,6660
6283,0,1.239,6660
6284,0,1.237,6660
6285,3,1.239,6663
6286,2,1.241,6665
6287,0,1.24,6665
6288,2,1.241,6667
6289,0,1.24,6667
6290,2,1.242,6669
6291,2,1.242,6671
6292,2,1.243,6673
6293,0,1.243,6673
6294,0,1.242,6673
6295,3,1.245,6676
6296,2,1.247,6678
6297,2,1.248,6680
6298,2,1.249,6682
6299,2,1.249,6684
6300,1,1.25,6685
6301,0,1.248,6685
6302,0,1.246,6685
6303,0,1.246,6685
6304,0,1.244,6685
6305,2,1.244,6687
6306,0,1.243,6687
6307,0,1.243,6687
6308,2,1.243,6689
6309,2,1.245,6691
6310,0,1.245,6691
6311,2,1.245,6693
6312,1,1.244,6694
6313,2,1.245,6696
6314,0,1.245,6696
6315,0,1.245,6696
6316,1,1.244,6697
6317,0,1.243,6697
6318,1,1.244,6698
6319,2,1.244,6700
6320,2,1.245,6702
6321,2,1.245,6704
6322,1,1.244,6705
6323,0,1.24,6705
6324,2,1.238,6707
6325,2,1.238,6709
6326,2,1.239,6711
6327,2,1.239,6713
6328,1,1.239,6714
6329,2,1.241,6716
6330,2,1.241,6718
6331,2,1.241,6720
6332,2,1.243,6722
6333,0,1.241,6722
6334,2,1.243,6724
6335,0,1.243,6724
6336,2,1.244,6726
6337,0,1.241,6726
6338,0,1.241,6726
6339,0,1.237,6726
6340,0,1.236,6726
6341,2,1.237,6728
6342,1,1.236,6729
6343,0,1.234,6729
6344,0,1.234,6729
6345,1,1.233,6730
6346,2,1.234,6732
6347,2,1.236,6734
6348,2,1.238,6736
6349,1,1.239,6737
6350,0,1.239,6737
6351,0,1.237,6737
6352,3,1.238,6740
6353,0,1.235,6740
6354,2,1.237,6742
6355,0,1.233,6742
6356,2,1.235,6744
6357,2,1.235,6746
6358,0,1.233,6746
6359,2,1.232,6748
6360,0,1.23,6748
6361,2,1.232,6750
6362,0,1.232,6750
6363,0,1.232,6750
6364,1,1.233,6751
6365,2,1.233,6753
6366,1,1.232,6754
6367,1,1.233,6755
6368,2,1.233,6757
6369,0,1.231,6757
6370,2,1.232,6759
6371,2,1.232,6761
6372,2,1.232,6763
6373,2,1.233,6765
6374,0,1.233,6765
6375,3,1.236,6768
6376,1,1.237,6769
6377,0,1.237,6769
6378,0,1.235,6769
6379,0,1.233,6769
6380,2,1.235,6771
6381,1,1.235,6772
6382,2,1.237,6774
6383,0,1.235,6774
6384,1,1.236,6775
6385,2,1.238,6777
6386,0,1.238,6777
6387,2,1.24,6779
6388,3,1.243,6782
6389,0,1.241,6782
6390,2,1.241,6784
6391,3,1.243,6787
6392,2,1.243,6789
6393,0,1.241,6789
6394,0,1.239,6789
6395,2,1.239,6791
6396,0,1.237,6791
6397,2,1.239,6793
6398,0,1.239,6793
6399,2,1.241,6795
6400,2,1.241,6797
6401,2,1.243,6799
6402,0,1.243,6799
6403,2,1.243,6801
6404,2,1.245,6803
6405,2,1.245,6805
6406,1,1.246,6806
6407,2,1.246,6808
6408,2,1.248,6810
6409,4,1.251,6814
6410,1,1.25,6815
6411,4,1.254,6819
6412,2,1.254,6821
6413,0,1.252,6821
6414,0,1.252,6821
6415,2,1.254,6823
6416,4,1.256,6827
6417,2,1.258,6829
6418,2,1.258,6831
6419,2,1.26,6833
6420,2,1.26,6835
6421,2,1.26,6837
6422,2,1.26,6839
6423,2,1.26,6841
6424,0,1.258,6841
6425,2,1.258,6843
6426,2,1.258,6845
6427,2,1.26,6847
6428,2,1.26,6849
6429,1,1.258,6850
6430,2,1.26,6852
6431,2,1.26,6854
6432,3,1.263,6857
6433,2,1.265,6859
6434,2,1.265,6861
6435,0,1.263,6861
6436,2,1.263,6863
6437,2,1.263,6865
6438,0,1.261,6865
6439,1,1.261,6866
6440,0,1.26,6866
6441,0,1.259,6866
6442,0,1.257,6866
6443,0,1.255,6866
6444,1,1.256,6867
6445,4,1.258,6871
6446,0,1.258,6871
6447,2,1.259,6873
6448,1,1.26,6874
6449,1,1.26,6875
6450,2,1.258,6877
6451,1,1.256,6878
6452,2,1.257,6880
6453,3,1.258,6883
6454,0,1.257,6883
6455,2,1.259,6885
6456,2,1.261,6887
6457,0,1.261,6887
6458,0,1.261,6887
6459,0,1.259,6887
6460,0,1.255,6887
6461,0,1.255,6887
6462,2,1.255,6889
6463,2,1.257,6891
6464,2,1.257,6893
6465,2,1.257,6895
6466,0,1.257,6895
6467,2,1.258,6897
6468,1,1.259,6898
6469,0,1.259,6898
6470,2,1.257,6900
6471,0,1.257,6900
6472,1,1.258,6901
6473,1,1.258,6902
6474,1,1.258,6903
6475,1,1.255,6904
6476,2,1.256,6906
6477,1,1.256,6907
6478,0,1.256,6907
6479,1,1.253,6908
6480,0,1.251,6908
6481,4,1.253,6912
6482,0,1.251,6912
6483,0,1.251,6912
6484,0,1.251,6912
6485,1,1.251,6913
6486,0,1.251,6913
6487,2,1.251,6915
6488,0,1.251,6915
6489,0,1.249,6915
6490,0,1.249,6915
6491,0,1.249,6915
6492,2,1.25,6917
6493,0,1.248,6917
6494,0,1.248,6917
6495,2,1.25,6919
6496,2,1.248,6921
6497,2,1.249,6923
6498,0,1.248,6923
6499,0,1.248,6923
6500,2,1.25,6925
6501,4,1.252,6929
6502,0,1.25,6929
6503,2,1.251,6931
6504,0,1.251,6931
6505,0,1.25,6931
6506,0,1.25,6931
6507,0,1.25,6931
6508,2,1.25,6933
6509,2,1.25,6935
6510,0,1.249,6935
6511,0,1.247,6935
6512,0,1.247,6935
6513,2,1.248,6937
6514,2,1.25,6939
6515,2,1.248,6941
6516,2,1.25,6943
6517,2,1.25,6945
6518,0,1.25,6945
6519,0,1.25,6945
6520,1,1.251,6946
6521,0,1.249,6946
6522,3,1.252,6949
6523,1,1.252,6950
6524,0,1.252,6950
6525,2,1.254,6952
6526,0,1.25,6952
6527,1,1.249,6953
6528,2,1.249,6955
6529,1,1.246,6956
6530,1,1.246,6957
6531,3,1.249,6960
6532,1,1.248,6961
6533,2,1.25,6963
6534,0,1.248,6963
6535,0,1.248,6963
6536,1,1.249,6964
6537,2,1.249,6966
6538,2,1.249,6968
6539,0,1.248,6968
6540,2,1.248,6970
6541,0,1.246,6970
6542,0,1.244,6970
6543,0,1.242,6970
6544,2,1.242,6972
6545,2,1.243,6974
6546,0,1.241,6974
6547,0,1.239,6974
6548,2,1.239,6976
6549,0,1.239,6976
6550,1,1.24,6977
6551,2,1.24,6979
6552,2,1.24,6981
6553,0,1.238,6981
6554,2,1.24,6983
6555,2,1.24,6985
6556,2,1.24,6987
6557,2,1.24,6989
6558,3,1.243,6992
6559,2,1.245,6994
6560,2,1.247,6996
6561,2,1.249,6998
6562,2,1.251,7000
6563,2,1.253,7002
6564,2,1.255,7004
6565,2,1.257,7006
6566,2,1.257,7008
6567,2,1.259,7010
6568,2,1.259,7012
6569,4,1.261,7016
6570,0,1.261,7016
6571,2,1.261,7018
6572,2,1.263,7020
6573,0,1.26,7020
6574,2,1.26,7022
6575,0,1.257,7022
6576,2,1.257,7024
6577,2,1.257,7026
6578,1,1.257,7027
6579,0,1.255,7027
6580,1,1.252,7028
6581,0,1.252,7028
6582,1,1.252,7029
6583,2,1.254,7031
6584,0,1.254,7031
6585,2,1.256,7033
6586,2,1.256,7035
6587,0,1.254,7035
6588,2,1.254,7037
6589,0,1.252,7037
6590,0,1.25,7037
6591,0,1.25,7037
6592,1,1.251,7038
6593,0,1.25,7038
6594,0,1.25,7038
6595,4,1.252,7042
6596,1,1.252,7043
6597,0,1.248,7043
6598,3,1.25,7046
6599,4,1.254,7050
6600,0,1.252,7050
6601,2,1.254,7052
6602,2,1.254,7054
6603,2,1.256,7056
6604,0,1.254,7056
6605,0,1.254,7056
6606,2,1.254,7058
6607,3,1.255,7061
6608,0,1.253,7061
6609,4,1.255,7065
6610,0,1.255,7065
6611,1,1.256,7066
6612,1,1.255,7067
6613,1,1.254,7068
6614,1,1.253,7069
6615,0,1.251,7069
6616,1,1.251,7070
6617,0,1.249,7070
6618,1,1.248,7071
6619,1,1.249,7072
6620,1,1.248,7073
6621,1,1.249,7074
6622,0,1.247,7074
6623,0,1.245,7074
6624,4,1.249,7078
6625,0,1.249,7078
6626,2,1.251,7080
6627,2,1.253,7082
6628,2,1.255,7084
6629,2,1.257,7086
6630,1,1.258,7087
6631,2,1.26,7089
6632,2,1.261,7091
6633,2,1.261,7093
6634,2,1.261,7095
6635,2,1.261,7097
6636,2,1.262,7099
6637,2,1.262,7101
6638,2,1.262,7103
6639,1,1.261,7104
6640,0,1.261,7104
6641,2,1.261,7106
6642,2,1.259,7108
6643,1,1.26,7109
6644,2,1.26,7111
6645,2,1.26,7113
6646,0,1.258,7113
6647,2,1.259,7115
6648,2,1.259,7117
6649,1,1.258,7118
6650,2,1.257,7120
6651,2,1.258,7122
6652,2,1.258,7124
6653,2,1.259,7126
6654,0,1.258,7126
6655,0,1.254,7126
6656,1,1.255,7127
6657,0,1.255,7127
6658,0,1.253,7127
6659,1,1.25,7128
6660,1,1.251,7129
6661,1,1.25,7130
6662,0,1.25,7130
6663,4,1.253,7134
6664,0,1.253,7134
6665,2,1.253,7136
6666,0,1.251,7136
6667,2,1.252,7138
6668,2,1.252,7140
6669,2,1.253,7142
6670,0,1.252,7142
6671,0,1.25,7142
6672,2,1.25,7144
6673,1,1.249,7145
6674,2,1.251,7147
6675,2,1.251,7149
6676,0,1.249,7149
6677,0,1.247,7149
6678,0,1.245,7149
6679,0,1.244,7149
6680,2,1.246,7151
6681,1,1.246,7152
6682,1,1.245,7153
6683,2,1.245,7155
6684,2,1.245,7157
6685,0,1.243,7157
6686,0,1.243,7157
6687,0,1.239,7157
6688,2,1.241,7159
6689,0,1.239,7159
6690,2,1.241,7161
6691,0,1.239,7161
6692,1,1.239,7162
6693,1,1.238,7163
6694,2,1.239,7165
6695,0,1.238,7165
6696,2,1.238,7167
6697,0,1.234,7167
6698,0,1.232,7167
6699,0,1.232,7167
6700,2,1.234,7169
6701,2,1.236,7171
6702,2,1.236,7173
6703,0,1.236,7173
6704,2,1.236,7175
6705,2,1.236,7177
6706,2,1.236,7179
6707,1,1.236,7180
6708,1,1.235,7181
6709,2,1.235,7183
6710,0,1.233,7183
6711,0,1.233,7183
6712,2,1.233,7185
6713,1,1.234,7186
6714,2,1.235,7188
6715,0,1.234,7188
6716,2,1.234,7190
6717,0,1.232,7190
6718,2,1.232,7192
6719,0,1.232,7192
6720,2,1.233,7194
6721,0,1.231,7194
6722,4,1.235,7198
6723,0,1.235,7198
6724,0,1.235,7198
6725,1,1.236,7199
6726,0,1.234,7199
6727,2,1.236,7201
6728,3,1.239,7204
6729,3,1.24,7207
6730,2,1.24,7209
6731,4,1.244,7213
6732,0,1.244,7213
6733,2,1.244,7215
6734,2,1.244,7217
6735,1,1.243,7218
6736,1,1.242,7219
6737,2,1.244,7221
6738,1,1.244,7222
6739,0,1.244,7222
6740,0,1.244,7222
6741,4,1.246,7226
6742,0,1.246,7226
6743,2,1.247,7228
6744,2,1.249,7230
6745,0,1.247,7230
6746,2,1.247,7232
6747,1,1.247,7233
6748,0,1.245,7233
6749,1,1.244,7234
6750,2,1.246,7236
6751,2,1.246,7238
6752,2,1.246,7240
6753,2,1.248,7242
6754,2,1.248,7244
6755,2,1.249,7246
6756,0,1.249,7246
6757,2,1.249,7248
6758,1,1.248,7249
6759,2,1.25,7251
6760,0,1.249,7251
6761,0,1.249,7251
6762,2,1.249,7253
6763,2,1.249,7255
6764,1,1.25,7256
6765,2,1.251,7258
6766,2,1.251,7260
6767,2,1.253,7262
6768,0,1.253,7262
6769,0,1.253,7262
6770,2,1.254,7264
6771,2,1.255,7266
6772,2,1.257,7268
6773,0,1.257,7268
6774,2,1.257,7270
6775,2,1.258,7272
6776,1,1.259,7273
6777,0,1.257,7273
6778,2,1.257,7275
6779,0,1.257,7275
6780,3,1.259,7278
6781,0,1.259,7278
6782,2,1.259,7280
6783,0,1.259,7280
6784,2,1.26,7282
6785,1,1.261,7283
6786,1,1.26,7284
6787,0,1.258,7284
6788,1,1.258,7285
6789,1,1.259,7286
6790,0,1.257,7286
6791,1,1.256,7287
6792,1,1.255,7288
6793,2,1.255,7290
6794,1,1.254,7291
6795,4,1.256,7295
6796,0,1.254,7295
6797,0,1.252,7295
6798,0,1.252,7295
6799,2,1.252,7297
6800,0,1.25,7297
6801,2,1.25,7299
6802,2,1.25,7301
6803,0,1.248,7301
6804,1,1.248,7302
6805,0,1.246,7302
6806,2,1.246,7304
6807,1,1.247,7305
6808,2,1.247,7307
6809,0,1.247,7307
6810,1,1.246,7308
6811,1,1.245,7309
6812,2,1.245,7311
6813,2,1.245,7313
6814,2,1.245,7315
6815,0,1.245,7315
6816,1,1.244,7316
6817,1,1.244,7317
6818,1,1.243,7318
6819,1,1.244,7319
6820,0,1.243,7319
6821,1,1.243,7320
6822,1,1.242,7321
6823,1,1.243,7322
6824,1,1.243,7323
6825,1,1.244,7324
6826,0,1.244,7324
6827,1,1.244,7325
6828,2,1.246,7327
6829,1,1.245,7328
6830,0,1.243,7328
6831,2,1.245,7330
6832,2,1.244,7332
6833,1,1.243,7333
6834,2,1.243,7335
6835,2,1.245,7337
6836,2,1.245,7339
6837,2,1.247,7341
6838,3,1.248,7344
6839,1,1.247,7345
6840,3,1.25,7348
6841,0,1.249,7348
6842,1,1.25,7349
6843,1,1.249,7350
6844,0,1.248,7350
6845,1,1.247,7351
6846,2,1.249,7353
6847,1,1.248,7354
6848,0,1.246,7354
6849,1,1.245,7355
6850,3,1.247,7358
6851,1,1.248,7359
6852,3,1.249,7362
6853,3,1.25,7365
6854,0,1.248,7365
6855,2,1.248,7367
6856,1,1.248,7368
6857,2,1.248,7370
6858,2,1.248,7372
6859,0,1.248,7372
6860,0,1.248,7372
6861,0,1.246,7372
6862,1,1.245,7373
6863,2,1.245,7375
6864,1,1.244,7376
6865,0,1.242,7376
6866,0,1.241,7376
6867,0,1.241,7376
6868,2,1.243,7378
6869,2,1.245,7380
6870,2,1.246,7382
6871,0,1.244,7382
6872,2,1.244,7384
6873,2,1.246,7386
6874,0,1.246,7386
6875,1,1.247,7387
6876,0,1.247,7387
6877,1,1.246,7388
6878,0,1.244,7388
6879,1,1.243,7389
6880,4,1.245,7393
6881,0,1.245,7393
6882,2,1.245,7395
6883,2,1.247,7397
6884,0,1.245,7397
6885,2,1.245,7399
6886,2,1.245,7401
6887,2,1.245,7403
6888,2,1.245,7405
6889,2,1.245,7407
6890,0,1.244,7407
6891,0,1.243,7407
6892,4,1.245,7411
6893,0,1.244,7411
6894,2,1.246,7413
6895,2,1.246,7415
6896,2,1.247,7417
6897,1,1.246,7418
6898,4,1.248,7422
6899,2,1.25,7424
6900,0,1.247,7424
6901,2,1.249,7426
6902,0,1.249,7426
6903,0,1.247,7426
6904,1,1.246,7427
6905,2,1.248,7429
6906,0,1.248,7429
6907,0,1.248,7429
6908,2,1.248,7431
6909,0,1.248,7431
6910,2,1.248,7433
6911,2,1.248,7435
6912,2,1.248,7437
6913,0,1.246,7437
6914,0,1.244,7437
6915,0,1.242,7437
6916,1,1.242,7438
6917,1,1.242,7439
6918,3,1.243,7442
6919,1,1.242,7443
6920,2,1.242,7445
6921,0,1.241,7445
6922,1,1.241,7446
6923,0,1.24,7446
6924,1,1.239,7447
6925,0,1.239,7447
6926,2,1.241,7449
6927,1,1.242,7450
6928,1,1.241,7451
6929,2,1.241,7453
6930,1,1.24,7454
6931,4,1.243,7458
6932,0,1.241,7458
6933,2,1.243,7460
6934,2,1.242,7462
6935,2,1.243,7464
6936,1,1.244,7465
6937,2,1.244,7467
6938,2,1.244,7469
6939,0,1.242,7469
6940,2,1.244,7471
6941,2,1.244,7473
6942,0,1.242,7473
6943,3,1.244,7476
6944,2,1.244,7478
6945,0,1.241,7478
6946,1,1.241,7479
6947,0,1.241,7479
6948,0,1.241,7479
6949,4,1.243,7483
6950,2,1.241,7485
6951,0,1.241,7485
6952,0,1.241,7485
6953,2,1.241,7487
6954,2,1.243,7489
6955,0,1.241,7489
6956,3,1.242,7492
6957,0,1.241,7492
6958,2,1.243,7494
6959,0,1.242,7494
6960,0,1.241,7494
6961,0,1.237,7494
6962,0,1.235,7494
6963,1,1.236,7495
6964,0,1.236,7495
6965,0,1.235,7495
6966,0,1.235,7495
6967,2,1.236,7497
6968,2,1.236,7499
6969,2,1.236,7501
6970,2,1.236,7503
6971,2,1.238,7505
6972,2,1.238,7507
6973,2,1.24,7509
6974,2,1.242,7511
6975,0,1.239,7511
6976,2,1.241,7513
6977,2,1.242,7515
6978,2,1.244,7517
6979,2,1.244,7519
6980,0,1.242,7519
6981,1,1.242,7520
6982,0,1.24,7520
6983,0,1.238,7520
6984,2,1.24,7522
6985,2,1.24,7524
6986,0,1.24,7524
6987,0,1.238,7524
6988,0,1.238,7524
6989,2,1.24,7526
6990,0,1.24,7526
6991,2,1.24,7528
6992,2,1.24,7530
6993,2,1.241,7532
6994,0,1.24,7532
6995,2,1.242,7534
6996,2,1.242,7536
6997,0,1.24,7536
6998,2,1.24,7538
6999,1,1.24,7539
7000,0,1.24,7539
7001,2,1.24,7541
7002,1,1.24,7542
7003,1,1.241,7543
7004,0,1.239,7543
7005,0,1.237,7543
7006,4,1.239,7547
7007,1,1.24,7548
7008,0,1.24,7548
7009,0,1.238,7548
7010,1,1.239,7549
7011,2,1.241,7551
7012,2,1.242,7553
7013,2,1.242,7555
7014,4,1.242,7559
7015,0,1.242,7559
7016,2,1.244,7561
7017,2,1.244,7563
7018,0,1.242,7563
7019,2,1.242,7565
7020,2,1.244,7567
7021,1,1.245,7568
7022,2,1.245,7570
7023,2,1.244,7572
7024,2,1.244,7574
7025,2,1.244,7576
7026,2,1.244,7578
7027,1,1.244,7579
7028,2,1.246,7581
7029,0,1.246,7581
7030,2,1.246,7583
7031,2,1.246,7585
7032,0,1.244,7585
7033,2,1.244,7587
7034,0,1.243,7587
7035,2,1.241,7589
7036,1,1.24,7590
7037,0,1.238,7590
7038,2,1.238,7592
7039,1,1.239,7593
7040,0,1.239,7593
7041,0,1.237,7593
7042,2,1.237,7595
7043,2,1.237,7597
7044,2,1.239,7599
7045,0,1.238,7599
7046,1,1.237,7600
7047,2,1.239,7602
7048,0,1.236,7602
7049,0,1.236,7602
7050,0,1.234,7602
7051,0,1.234,7602
7052,0,1.232,7602
7053,4,1.234,7606
7054,2,1.234,7608
7055,2,1.236,7610
7056,0,1.236,7610
7057,0,1.236,7610
7058,0,1.234,7610
7059,3,1.237,7613
7060,4,1.239,7617
7061,0,1.237,7617
7062,0,1.235,7617
7063,2,1.237,7619
7064,1,1.236,7620
7065,0,1.234,7620
7066,2,1.235,7622
7067,2,1.235,7624
7068,4,1.239,7628
7069,0,1.239,7628
7070,0,1.237,7628
7071,1,1.238,7629
7072,1,1.238,7630
7073,0,1.238,7630
7074,1,1.236,7631
7075,1,1.237,7632
7076,0,1.235,7632
7077,0,1.235,7632
7078,4,1.237,7636
7079,0,1.235,7636
7080,2,1.235,7638
7081,2,1.235,7640
7082,0,1.233,7640
7083,2,1.233,7642
7084,1,1.232,7643
7085,0,1.231,7643
7086,2,1.233,7645
7087,2,1.231,7647
7088,0,1.231,7647
7089,0,1.229,7647
7090,0,1.229,7647
7091,1,1.23,7648
7092,2,1.23,7650
7093,1,1.229,7651
7094,2,1.23,7653
7095,2,1.231,7655
7096,2,1.231,7657
7097,2,1.231,7659
7098,0,1.229,7659
7099,2,1.229,7661
7100,2,1.231,7663
7101,2,1.232,7665
7102,2,1.23,7667
7103,2,1.228,7669
7104,0,1.227,7669
7105,2,1.229,7671
7106,3,1.23,7674
7107,2,1.23,7676
7108,1,1.229,7677
7109,2,1.23,7679
7110,1,1.229,7680
7111,2,1.229,7682
7112,2,1.231,7684
7113,2,1.231,7686
7114,0,1.23,7686
7115,2,1.232,7688
7116,2,1.234,7690
7117,0,1.234,7690
7118,4,1.238,7694
7119,2,1.24,7696
7120,0,1.239,7696
7121,3,1.24,7699
7122,0,1.236,7699
7123,2,1.236,7701
7124,0,1.234,7701
7125,2,1.234,7703
7126,2,1.234,7705
7127,0,1.232,7705
7128,0,1.23,7705
7129,1,1.229,7706
7130,1,1.23,7707
7131,4,1.23,7711
7132,0,1.228,7711
7133,2,1.23,7713
7134,1,1.231,7714
7135,1,1.23,7715
7136,2,1.23,7717
7137,2,1.23,7719
7138,0,1.228,7719
7139,2,1.228,7721
7140,2,1.228,7723
7141,2,1.23,7725
7142,0,1.23,7725
7143,1,1.229,7726
7144,1,1.228,7727
7145,0,1.226,7727
7146,1,1.227,7728
7147,1,1.226,7729
7148,0,1.224,7729
7149,0,1.224,7729
7150,0,1.222,7729
7151,2,1.224,7731
7152,0,1.224,7731
7153,2,1.224,7733
7154,2,1.226,7735
7155,4,1.228,7739
7156,2,1.229,7741
7157,2,1.229,7743
7158,1,1.227,7744
7159,0,1.225,7744
7160,1,1.226,7745
7161,0,1.224,7745
7162,3,1.226,7748
7163,2,1.226,7750
7164,2,1.226,7752
7165,1,1.225,7753
7166,1,1.225,7754
7167,1,1.224,7755
7168,1,1.223,7756
7169,1,1.224,7757
7170,1,1.223,7758
7171,0,1.222,7758
7172,1,1.221,7759
7173,3,1.222,7762
7174,2,1.223,7764
7175,0,1.221,7764
7176,0,1.218,7764
7177,0,1.217,7764
7178,0,1.216,7764
7179,2,1.217,7766
7180,2,1.218,7768
7181,1,1.219,7769
7182,1,1.22,7770
7183,2,1.222,7772
7184,4,1.225,7776
7185,0,1.224,7776
7186,1,1.224,7777
7187,2,1.226,7779
7188,0,1.225,7779
7189,2,1.226,7781
7190,2,1.227,7783
7191,0,1.227,7783
7192,0,1.223,7783
7193,0,1.221,7783
7194,2,1.223,7785
7195,0,1.223,7785
7196,2,1.223,7787
7197,2,1.224,7789
7198,2,1.226,7791
7199,2,1.228,7793
7200,2,1.228,7795
7201,0,1.228,7795
7202,2,1.23,7797
7203,0,1.229,7797
7204,2,1.23,7799
7205,0,1.229,7799
7206,2,1.229,7801
7207,2,1.23,7803
7208,0,1.229,7803
7209,2,1.231,7805
7210,2,1.233,7807
7211,1,1.234,7808
7212,0,1.234,7808
7213,0,1.232,7808
7214,2,1.232,7810
7215,2,1.232,7812
7216,4,1.234,7816
7217,1,1.233,7817
7218,1,1.233,7818
7219,1,1.234,7819
7220,1,1.234,7820
7221,2,1.236,7822
7222,3,1.237,7825
7223,3,1.24,7828
7224,1,1.241,7829
7225,1,1.241,7830
7226,1,1.242,7831
7227,1,1.241,7832
7228,0,1.239,7832
7229,1,1.238,7833
7230,3,1.24,7836
7231,0,1.238,7836
7232,1,1.235,7837
7233,1,1.234,7838
7234,1,1.235,7839
7235,1,1.236,7840
7236,0,1.234,7840
7237,2,1.234,7842
7238,2,1.234,7844
7239,1,1.233,7845
7240,0,1.231,7845
7241,0,1.229,7845
7242,2,1.231,7847
7243,1,1.232,7848
7244,0,1.232,7848
7245,1,1.231,7849
7246,2,1.231,7851
7247,4,1.233,7855
7248,0,1.233,7855
7249,0,1.233,7855
7250,2,1.231,7857
7251,3,1.233,7860
7252,0,1.232,7860
7253,1,1.233,7861
7254,1,1.23,7862
7255,1,1.231,7863
7256,1,1.23,7864
7257,2,1.232,7866
7258,3,1.235,7869
7259,1,1.236,7870
7260,1,1.235,7871
7261,1,1.233,7872
7262,1,1.233,7873
7263,0,1.233,7873
7264,2,1.233,7875
7265,0,1.233,7875
7266,4,1.235,7879
7267,2,1.236,7881
7268,1,1.237,7882
7269,2,1.237,7884
7270,0,1.235,7884
7271,2,1.237,7886
7272,1,1.238,7887
7273,2,1.24,7889
7274,2,1.239,7891
7275,2,1.241,7893
7276,0,1.241,7893
7277,2,1.241,7895
7278,0,1.241,7895
7279,2,1.243,7897
7280,4,1.245,7901
7281,0,1.241,7901
7282,0,1.241,7901
7283,0,1.241,7901
7284,0,1.241,7901
7285,2,1.24,7903
7286,2,1.24,7905
7287,0,1.24,7905
7288,2,1.24,7907
7289,0,1.24,7907
7290,0,1.238,7907
7291,3,1.239,7910
7292,2,1.239,7912
7293,2,1.241,7914
7294,2,1.243,7916
7295,0,1.24,7916
7296,2,1.24,7918
7297,0,1.238,7918
7298,2,1.238,7920
7299,2,1.238,7922
7300,4,1.241,7926
7301,2,1.243,7928
7302,4,1.247,7932
7303,2,1.249,7934
7304,2,1.251,7936
7305,0,1.249,7936
7306,0,1.249,7936
7307,2,1.251,7938
7308,0,1.249,7938
7309,0,1.247,7938
7310,2,1.249,7940
7311,2,1.249,7942
7312,0,1.248,7942
7313,0,1.246,7942
7314,1,1.247,7943
7315,3,1.25,7946
7316,1,1.25,7947
7317,0,1.25,7947
7318,1,1.25,7948
7319,2,1.25,7950
7320,1,1.249,7951
7321,1,1.248,7952
7322,0,1.247,7952
7323,4,1.251,7956
7324,1,1.25,7957
7325,1,1.249,7958
7326,1,1.248,7959
7327,2,1.248,7961
7328,0,1.247,7961
7329,2,1.247,7963
7330,2,1.247,7965
7331,1,1.246,7966
7332,1,1.245,7967
7333,0,1.245,7967
7334,2,1.245,7969
7335,2,1.247,7971
7336,2,1.247,7973
7337,0,1.247,7973
7338,0,1.247,7973
7339,2,1.249,7975
7340,1,1.25,7976
7341,2,1.25,7978
7342,0,1.249,7978
7343,1,1.25,7979
7344,0,1.25,7979
7345,2,1.251,7981
7346,2,1.251,7983
7347,0,1.249,7983
7348,2,1.249,7985
7349,2,1.25,7987
7350,2,1.252,7989
7351,0,1.252,7989
7352,0,1.249,7989
7353,0,1.249,7989
7354,4,1.251,7993
7355,2,1.253,7995
7356,2,1.253,7997
7357,2,1.253,7999
7358,1,1.254,8000
7359,3,1.255,8003
7360,2,1.257,8005
7361,0,1.255,8005
7362,0,1.255,8005
7363,2,1.257,8007
7364,1,1.257,8008
7365,2,1.257,8010
7366,1,1.257,8011
7367,0,1.256,8011
7368,0,1.254,8011
7369,1,1.255,8012
7370,1,1.254,8013
7371,1,1.253,8014
7372,1,1.252,8015
7373,0,1.25,8015
7374,1,1.251,8016
7375,2,1.25,8018
7376,0,1.249,8018
7377,2,1.251,8020
7378,1,1.252,8021
7379,1,1.253,8022
7380,1,1.252,8023
7381,0,1.251,8023
7382,1,1.25,8024
7383,1,1.251,8025
7384,1,1.251,8026
7385,1,1.25,8027
7386,1,1.251,8028
7387,1,1.25,8029
7388,1,1.248,8030
7389,1,1.249,8031
7390,1,1.248,8032
7391,1,1.246,8033
7392,1,1.245,8034
7393,0,1.245,8034
7394,1,1.246,8035
7395,2,1.246,8037
7396,1,1.247,8038
7397,2,1.247,8040
7398,1,1.248,8041
7399,1,1.247,8042
7400,0,1.245,8042
7401,0,1.243,8042
7402,2,1.245,8044
7403,2,1.245,8046
7404,0,1.243,8046
7405,2,1.243,8048
7406,0,1.242,8048
7407,1,1.241,8049
7408,2,1.241,8051
7409,0,1.237,8051
7410,0,1.236,8051
7411,2,1.234,8053
7412,1,1.233,8054
7413,1,1.234,8055
7414,4,1.238,8059
7415,2,1.238,8061
7416,2,1.236,8063
7417,0,1.234,8063
7418,0,1.232,8063
7419,2,1.232,8065
7420,2,1.232,8067
7421,1,1.231,8068
7422,2,1.231,8070
7423,2,1.231,8072
7424,0,1.231,8072
7425,2,1.231,8074
7426,2,1.231,8076
7427,2,1.231,8078
7428,0,1.229,8078
7429,1,1.229,8079
7430,2,1.229,8081
7431,1,1.228,8082
7432,0,1.225,8082
7433,2,1.225,8084
7434,2,1.225,8086
7435,2,1.227,8088
7436,2,1.227,8090
7437,2,1.227,8092
7438,2,1.229,8094
7439,0,1.228,8094
7440,1,1.229,8095
7441,0,1.229,8095
7442,1,1.23,8096
7443,4,1.234,8100
7444,0,1.233,8100
7445,0,1.229,8100
7446,0,1.229,8100
7447,2,1.229,8102
7448,0,1.228,8102
7449,2,1.229,8104
7450,1,1.228,8105
7451,2,1.229,8107
7452,1,1.228,8108
7453,2,1.227,8110
7454,4,1.231,8114
7455,0,1.229,8114
7456,2,1.229,8116
7457,1,1.23,8117
7458,2,1.232,8119
7459,2,1.234,8121
7460,2,1.236,8123
7461,0,1.236,8123
7462,4,1.238,8127
7463,2,1.238,8129
7464,2,1.238,8131
7465,2,1.238,8133
7466,0,1.238,8133
7467,2,1.238,8135
7468,2,1.239,8137
7469,2,1.241,8139
7470,0,1.239,8139
7471,2,1.241,8141
7472,0,1.24,8141
7473,0,1.239,8141
7474,2,1.24,8143
7475,1,1.24,8144
7476,1,1.239,8145
7477,1,1.239,8146
7478,4,1.243,8150
7479,0,1.242,8150
7480,2,1.244,8152
7481,0,1.24,8152
7482,1,1.241,8153
7483,3,1.244,8156
7484,1,1.245,8157
7485,0,1.244,8157
7486,3,1.247,8160
7487,1,1.246,8161
7488,1,1.247,8162
7489,1,1.248,8163
7490,1,1.249,8164
7491,3,1.252,8167
7492,1,1.251,8168
7493,0,1.251,8168
7494,2,1.253,8170
7495,2,1.253,8172
7496,1,1.252,8173
7497,1,1.251,8174
7498,0,1.251,8174
7499,0,1.251,8174
7500,1,1.25,8175
7501,1,1.247,8176
7502,2,1.249,8178
7503,0,1.247,8178
7504,2,1.249,8180
7505,1,1.25,8181
7506,1,1.251,8182
7507,2,1.253,8184
7508,0,1.251,8184
7509,2,1.251,8186
7510,1,1.252,8187
7511,0,1.252,8187
7512,3,1.255,8190
7513,0,1.253,8190
7514,1,1.252,8191
7515,2,1.252,8193
7516,3,1.253,8196
7517,0,1.251,8196
7518,2,1.253,8198
7519,0,1.253,8198
7520,0,1.252,8198
7521,0,1.252,8198
7522,2,1.251,8200
7523,2,1.252,8202
7524,2,1.254,8204
7525,0,1.252,8204
7526,3,1.255,8207
7527,1,1.255,8208
7528,2,1.255,8210
7529,2,1.256,8212
7530,2,1.257,8214
7531,3,1.257,8217
7532,2,1.258,8219
7533,3,1.259,8222
7534,1,1.26,8223
7535,3,1.263,8226
7536,2,1.264,8228
7537,2,1.264,8230
7538,4,1.266,8234
7539,1,1.267,8235
7540,0,1.265,8235
7541,0,1.265,8235
7542,1,1.266,8236
7543,0,1.266,8236
7544,0,1.264,8236
7545,0,1.262,8236
7546,1,1.263,8237
7547,1,1.264,8238
7548,1,1.263,8239
7549,0,1.263,8239
7550,0,1.262,8239
7551,1,1.261,8240
7552,3,1.262,8243
7553,2,1.264,8245
7554,2,1.264,8247
7555,0,1.262,8247
7556,2,1.262,8249
7557,2,1.262,8251
7558,0,1.259,8251
7559,2,1.259,8253
7560,2,1.259,8255
7561,2,1.259,8257
7562,2,1.259,8259
7563,2,1.259,8261
7564,0,1.257,8261
7565,2,1.257,8263
7566,0,1.255,8263
7567,0,1.253,8263
7568,1,1.252,8264
7569,2,1.25,8266
7570,2,1.252,8268
7571,2,1.252,8270
7572,2,1.252,8272
7573,0,1.252,8272
7574,2,1.252,8274
7575,0,1.252,8274
7576,2,1.252,8276
7577,0,1.25,8276
7578,2,1.251,8278
7579,2,1.253,8280
7580,0,1.252,8280
7581,0,1.252,8280
7582,0,1.251,8280
7583,1,1.25,8281
7584,0,1.25,8281
7585,0,1.248,8281
7586,0,1.246,8281
7587,4,1.25,8285
7588,0,1.248,8285
7589,1,1.249,8286
7590,0,1.249,8286
7591,2,1.251,8288
7592,2,1.252,8290
7593,1,1.253,8291
7594,4,1.257,8295
7595,0,1.253,8295
7596,2,1.254,8297
7597,2,1.256,8299
7598,0,1.253,8299
7599,1,1.25,8300
7600,1,1.251,8301
7601,3,1.252,8304
7602,2,1.252,8306
7603,0,1.25,8306
7604,3,1.253,8309
7605,2,1.255,8311
7606,0,1.253,8311
7607,2,1.252,8313
7608,1,1.253,8314
7609,1,1.25,8315
7610,3,1.253,8318
7611,2,1.254,8320
7612,3,1.256,8323
7613,0,1.255,8323
7614,1,1.255,8324
7615,1,1.256,8325
7616,1,1.256,8326
7617,1,1.257,8327
7618,1,1.257,8328
7619,2,1.258,8330
7620,2,1.259,8332
7621,2,1.26,8334
7622,0,1.26,8334
7623,1,1.261,8335
7624,1,1.258,8336
7625,1,1.259,8337
7626,0,1.257,8337
7627,2,1.257,8339
7628,2,1.257,8341
7629,2,1.257,8343
7630,2,1.258,8345
7631,2,1.258,8347
7632,2,1.258,8349
7633,2,1.258,8351
7634,2,1.258,8353
7635,2,1.258,8355
7636,2,1.258,8357
7637,2,1.258,8359
7638,0,1.256,8359
7639,0,1.255,8359
7640,2,1.257,8361
7641,2,1.257,8363
7642,2,1.257,8365
7643,1,1.257,8366
7644,4,1.259,8370
7645,1,1.258,8371
7646,2,1.26,8373
7647,0,1.258,8373
7648,2,1.258,8375
7649,2,1.259,8377
7650,2,1.259,8379
7651,2,1.259,8381
7652,1,1.258,8382
7653,0,1.256,8382
7654,1,1.257,8383
7655,0,1.257,8383
7656,0,1.256,8383
7657,2,1.258,8385
7658,1,1.259,8386
7659,0,1.258,8386
7660,1,1.258,8387
7661,1,1.258,8388
7662,1,1.259,8389
7663,2,1.257,8391
7664,0,1.257,8391
7665,1,1.256,8392
7666,1,1.257,8393
7667,1,1.256,8394
7668,1,1.255,8395
7669,1,1.254,8396
7670,1,1.255,8397
7671,1,1.256,8398
7672,3,1.257,8401
7673,0,1.256,8401
7674,0,1.254,8401
7675,1,1.253,8402
7676,2,1.255,8404
7677,0,1.255,8404
7678,2,1.257,8406
7679,2,1.259,8408
7680,2,1.259,8410
7681,2,1.26,8412
7682,2,1.261,8414
7683,0,1.259,8414
7684,2,1.259,8416
7685,0,1.259,8416
7686,1,1.26,8417
7687,2,1.262,8419
7688,2,1.262,8421
7689,0,1.262,8421
7690,0,1.26,8421
7691,0,1.26,8421
7692,2,1.261,8423
7693,2,1.262,8425
7694,2,1.262,8427
7695,0,1.262,8427
7696,0,1.26,8427
7697,2,1.262,8429
7698,2,1.264,8431
7699,2,1.266,8433
7700,2,1.266,8435
7701,2,1.266,8437
7702,4,1.268,8441
7703,4,1.272,8445
7704,0,1.27,8445
7705,3,1.271,8448
7706,2,1.271,8450
7707,2,1.272,8452
7708,0,1.271,8452
7709,4,1.273,8456
7710,1,1.274,8457
7711,2,1.276,8459
7712,2,1.276,8461
7713,1,1.276,8462
7714,2,1.276,8464
7715,2,1.278,8466
7716,0,1.276,8466
7717,2,1.278,8468
7718,2,1.278,8470
7719,1,1.279,8471
7720,0,1.277,8471
7721,0,1.277,8471
7722,1,1.274,8472
7723,0,1.274,8472
7724,2,1.276,8474
7725,2,1.277,8476
7726,2,1.279,8478
7727,2,1.279,8480
7728,0,1.276,8480
7729,2,1.275,8482
7730,2,1.275,8484
7731,2,1.273,8486
7732,0,1.273,8486
7733,1,1.272,8487
7734,0,1.27,8487
7735,1,1.27,8488
7736,2,1.271,8490
7737,2,1.271,8492
7738,0,1.27,8492
7739,0,1.27,8492
7740,1,1.271,8493
7741,0,1.267,8493
7742,2,1.269,8495
7743,2,1.269,8497
7744,3,1.27,8500
7745,2,1.272,8502
7746,1,1.271,8503
7747,2,1.272,8505
7748,0,1.272,8505
7749,4,1.275,8509
7750,4,1.277,8513
7751,1,1.276,8514
7752,0,1.274,8514
7753,2,1.274,8516
7754,0,1.272,8516
7755,0,1.27,8516
7756,2,1.272,8518
7757,2,1.272,8520
7758,2,1.273,8522
7759,0,1.271,8522
7760,2,1.273,8524
7761,2,1.275,8526
7762,1,1.274,8527
7763,2,1.274,8529
7764,2,1.275,8531
7765,1,1.274,8532
7766,0,1.272,8532
7767,0,1.27,8532
7768,2,1.272,8534
7769,1,1.273,8535
7770,2,1.273,8537
7771,2,1.273,8539
7772,2,1.273,8541
7773,2,1.275,8543
7774,0,1.273,8543
7775,0,1.271,8543
7776,1,1.271,8544
7777,4,1.275,8548
7778,0,1.273,8548
7779,0,1.273,8548
7780,2,1.272,8550
7781,1,1.273,8551
7782,2,1.273,8553
7783,2,1.275,8555
7784,0,1.273,8555
7785,2,1.274,8557
7786,0,1.273,8557
7787,2,1.275,8559
7788,2,1.276,8561
7789,0,1.275,8561
7790,1,1.276,8562
7791,0,1.275,8562
7792,1,1.275,8563
7793,0,1.273,8563
7794,2,1.274,8565
7795,1,1.271,8566
7796,0,1.271,8566
7797,3,1.274,8569
7798,1,1.275,8570
7799,2,1.275,8572
7800,3,1.278,8575
7801,2,1.278,8577
7802,2,1.278,8579
7803,1,1.279,8580
7804,4,1.282,8584
7805,0,1.282,8584
7806,2,1.282,8586
7807,2,1.283,8588
7808,0,1.281,8588
7809,2,1.283,8590
7810,2,1.284,8592
7811,0,1.283,8592
7812,0,1.281,8592
7813,2,1.281,8594
7814,2,1.281,8596
7815,0,1.281,8596
7816,1,1.281,8597
7817,0,1.28,8597
7818,2,1.281,8599
7819,0,1.28,8599
7820,0,1.28,8599
7821,1,1.28,8600
7822,1,1.28,8601
7823,2,1.281,8603
7824,2,1.282,8605
7825,2,1.283,8607
7826,2,1.285,8609
7827,2,1.286,8611
7828,2,1.286,8613
7829,2,1.287,8615
7830,2,1.289,8617
7831,1,1.288,8618
7832,2,1.288,8620
7833,1,1.288,8621
7834,2,1.288,8623
7835,2,1.288,8625
7836,2,1.288,8627
7837,2,1.288,8629
7838,2,1.287,8631
7839,2,1.288,8633
7840,2,1.287,8635
7841,1,1.288,8636
7842,0,1.287,8636
7843,1,1.287,8637
7844,0,1.287,8637
7845,0,1.286,8637
7846,0,1.284,8637
7847,1,1.284,8638
7848,2,1.286,8640
7849,2,1.287,8642
7850,2,1.286,8644
7851,2,1.287,8646
7852,0,1.284,8646
7853,2,1.283,8648
7854,4,1.287,8652
7855,0,1.285,8652
7856,0,1.284,8652
7857,4,1.286,8656
7858,0,1.284,8656
7859,2,1.286,8658
7860,1,1.287,8659
7861,2,1.289,8661
7862,0,1.288,8661
7863,2,1.288,8663
7864,2,1.289,8665
7865,2,1.291,8667
7866,2,1.293,8669
7867,2,1.295,8671
7868,0,1.293,8671
7869,0,1.291,8671
7870,2,1.291,8673
7871,2,1.293,8675
7872,2,1.293,8677
7873,2,1.293,8679
7874,0,1.293,8679
7875,2,1.294,8681
7876,0,1.294,8681
7877,3,1.296,8684
7878,2,1.298,8686
7879,1,1.298,8687
7880,2,1.296,8689
7881,2,1.298,8691
7882,2,1.298,8693
7883,2,1.298,8695
7884,0,1.298,8695
7885,3,1.299,8698
7886,4,1.301,8702
7887,0,1.299,8702
7888,2,1.299,8704
7889,2,1.299,8706
7890,2,1.301,8708
7891,2,1.303,8710
7892,0,1.299,8710
7893,2,1.301,8712
7894,2,1.301,8714
7895,2,1.301,8716
7896,4,1.303,8720
7897,2,1.304,8722
7898,0,1.3,8722
7899,0,1.298,8722
7900,2,1.3,8724
7901,0,1.298,8724
7902,2,1.3,8726
7903,1,1.301,8727
7904,2,1.302,8729
7905,2,1.302,8731
7906,2,1.304,8733
7907,0,1.304,8733
7908,2,1.304,8735
7909,1,1.305,8736
7910,1,1.304,8737
7911,0,1.302,8737
7912,0,1.3,8737
7913,0,1.3,8737
7914,0,1.3,8737
7915,1,1.301,8738
7916,2,1.302,8740
7917,2,1.303,8742
7918,2,1.302,8744
7919,4,1.305,8748
7920,1,1.304,8749
7921,2,1.306,8751
7922,0,1.305,8751
7923,2,1.307,8753
7924,2,1.308,8755
7925,2,1.31,8757
7926,1,1.309,8758
7927,2,1.31,8760
7928,2,1.311,8762
7929,2,1.311,8764
7930,1,1.311,8765
7931,0,1.307,8765
7932,0,1.307,8765
7933,2,1.307,8767
7934,4,1.309,8771
7935,2,1.309,8773
7936,0,1.308,8773
7937,0,1.306,8773
7938,2,1.306,8775
7939,2,1.308,8777
7940,2,1.308,8779
7941,1,1.307,8780
7942,2,1.309,8782
7943,2,1.308,8784
7944,2,1.308,8786
7945,0,1.308,8786
7946,1,1.308,8787
7947,2,1.31,8789
7948,2,1.312,8791
7949,1,1.309,8792
7950,2,1.309,8794
7951,2,1.311,8796
7952,0,1.311,8796
7953,2,1.311,8798
7954,2,1.311,8800
7955,0,1.311,8800
7956,2,1.31,8802
7957,3,1.313,8805
7958,1,1.312,8806
7959,0,1.312,8806
7960,2,1.314,8808
7961,4,1.318,8812
7962,0,1.318,8812
7963,0,1.317,8812
7964,2,1.319,8814
7965,1,1.32,8815
7966,2,1.322,8817
7967,1,1.321,8818
7968,1,1.32,8819
7969,0,1.318,8819
7970,2,1.318,8821
7971,0,1.316,8821
7972,2,1.316,8823
7973,2,1.316,8825
7974,0,1.314,8825
7975,0,1.314,8825
7976,1,1.313,8826
7977,0,1.311,8826
7978,2,1.311,8828
7979,1,1.31,8829
7980,1,1.311,8830
7981,2,1.312,8832
7982,2,1.314,8834
7983,2,1.316,8836
7984,2,1.316,8838
7985,2,1.316,8840
7986,2,1.318,8842
7987,2,1.32,8844
7988,2,1.322,8846
7989,1,1.321,8847
7990,0,1.321,8847
7991,2,1.321,8849
7992,2,1.321,8851
7993,2,1.321,8853
7994,2,1.323,8855
7995,0,1.321,8855
7996,2,1.321,8857
7997,0,1.321,8857
7998,2,1.321,8859
7999,2,1.322,8861
8000,2,1.324,8863
8001,2,1.324,8865
8002,0,1.323,8865
8003,0,1.322,8865
8004,2,1.324,8867
8005,0,1.324,8867
8006,0,1.32,8867
8007,4,1.323,8871
8008,0,1.323,8871
8009,2,1.325,8873
8010,2,1.326,8875
8011,0,1.324,8875
8012,2,1.324,8877
8013,0,1.322,8877
8014,2,1.32,8879
8015,2,1.322,8881
8016,2,1.322,8883
8017,2,1.322,8885
8018,2,1.324,8887
8019,2,1.324,8889
8020,0,1.322,8889
8021,1,1.322,8890
8022,1,1.321,8891
8023,0,1.319,8891
8024,2,1.319,8893
8025,2,1.319,8895
8026,4,1.321,8899
8027,2,1.322,8901
8028,2,1.322,8903
8029,0,1.322,8903
8030,0,1.32,8903
8031,2,1.32,8905
8032,3,1.323,8908
8033,0,1.321,8908
8034,0,1.321,8908
8035,2,1.321,8910
8036,0,1.32,8910
8037,0,1.32,8910
8038,2,1.32,8912
8039,0,1.319,8912
8040,2,1.321,8914
8041,2,1.323,8916
8042,0,1.321,8916
8043,2,1.321,8918
8044,1,1.32,8919
8045,2,1.322,8921
8046,2,1.323,8923
8047,2,1.323,8925
8048,2,1.325,8927
8049,2,1.327,8929
8050,0,1.327,8929
8051,2,1.329,8931
8052,2,1.331,8933
8053,1,1.328,8934
8054,1,1.327,8935
8055,0,1.325,8935
8056,4,1.329,8939
8057,1,1.33,8940
8058,0,1.33,8940
8059,1,1.328,8941
8060,1,1.325,8942
8061,2,1.327,8944
8062,4,1.331,8948
8063,2,1.331,8950
8064,2,1.332,8952
8065,2,1.334,8954
8066,2,1.334,8956
8067,0,1.332,8956
8068,2,1.33,8958
8069,1,1.331,8959
8070,0,1.331,8959
8071,0,1.33,8959
8072,0,1.329,8959
8073,1,1.33,8960
8074,2,1.331,8962
8075,0,1.33,8962
8076,2,1.332,8964
8077,2,1.334,8966
8078,2,1.332,8968
8079,0,1.332,8968
8080,2,1.332,8970
8081,2,1.332,8972
8082,2,1.334,8974
8083,2,1.334,8976
8084,2,1.335,8978
8085,1,1.336,8979
8086,4,1.338,8983
8087,1,1.337,8984
8088,2,1.339,8986
8089,2,1.341,8988
8090,2,1.343,8990
8091,2,1.344,8992
8092,2,1.344,8994
8093,2,1.345,8996
8094,2,1.345,8998
8095,0,1.343,8998
8096,2,1.343,9000
8097,0,1.341,9000
8098,0,1.341,9000
8099,2,1.341,9002
8100,0,1.339,9002
8101,0,1.337,9002
8102,2,1.337,9004
8103,1,1.336,9005
8104,2,1.338,9007
8105,1,1.337,9008
8106,3,1.337,9011
8107,1,1.336,9012
8108,2,1.337,9014
8109,1,1.336,9015
8110,2,1.337,9017
8111,2,1.337,9019
8112,2,1.337,9021
8113,2,1.337,9023
8114,2,1.339,9025
8115,2,1.339,9027
8116,1,1.338,9028
8117,2,1.34,9030
8118,2,1.338,9032
8119,2,1.338,9034
8120,2,1.34,9036
8121,0,1.337,9036
8122,2,1.339,9038
8123,2,1.339,9040
8124,3,1.342,9043
8125,2,1.342,9045
8126,2,1.342,9047
8127,2,1.344,9049
8128,0,1.344,9049
8129,1,1.344,9050
8130,2,1.345,9052
8131,1,1.342,9053
8132,2,1.344,9055
8133,0,1.342,9055
8134,0,1.341,9055
8135,1,1.341,9056
8136,2,1.341,9058
8137,2,1.341,9060
8138,2,1.343,9062
8139,2,1.343,9064
8140,2,1.343,9066
8141,1,1.342,9067
8142,2,1.344,9069
8143,0,1.343,9069
8144,0,1.342,9069
8145,0,1.342,9069
8146,0,1.341,9069
8147,0,1.34,9069
8148,2,1.342,9071
8149,0,1.342,9071
8150,0,1.342,9071
8151,2,1.342,9073
8152,1,1.343,9074
8153,0,1.341,9074
8154,2,1.341,9076
8155,2,1.339,9078
8156,0,1.337,9078
8157,0,1.335,9078
8158,2,1.336,9080
8159,2,1.338,9082
8160,0,1.337,9082
8161,4,1.341,9086
8162,0,1.338,9086
8163,4,1.34,9090
8164,2,1.34,9092
8165,2,1.341,9094
8166,0,1.34,9094
8167,2,1.341,9096
8168,1,1.341,9097
8169,2,1.342,9099
8170,2,1.343,9101
8171,2,1.345,9103
8172,2,1.346,9105
8173,2,1.345,9107
8174,0,1.343,9107
8175,2,1.345,9109
8176,0,1.345,9109
8177,0,1.345,9109
8178,0,1.345,9109
8179,0,1.343,9109
8180,2,1.343,9111
8181,1,1.343,9112
8182,0,1.342,9112
8183,2,1.342,9114
8184,2,1.34,9116
8185,2,1.342,9118
8186,0,1.341,9118
8187,4,1.343,9122
8188,1,1.344,9123
8189,2,1.344,9125
8190,2,1.344,9127
8191,2,1.346,9129
8192,4,1.35,9133
8193,0,1.35,9133
8194,1,1.349,9134
8195,1,1.35,9135
8196,0,1.348,9135
8197,2,1.348,9137
8198,2,1.348,9139
8199,2,1.348,9141
8200,1,1.347,9142
8201,4,1.351,9146
8202,0,1.349,9146
8203,2,1.351,9148
8204,0,1.349,9148
8205,2,1.351,9150
8206,2,1.351,9152
8207,3,1.352,9155
8208,2,1.354,9157
8209,2,1.354,9159
8210,2,1.354,9161
8211,0,1.353,9161
8212,0,1.353,9161
8213,4,1.357,9165
8214,2,1.357,9167
8215,2,1.357,9169
8216,0,1.353,9169
8217,2,1.354,9171
8218,0,1.353,9171
8219,0,1.352,9171
8220,2,1.353,9173
8221,2,1.353,9175
8222,0,1.35,9175
8223,0,1.347,9175
8224,0,1.346,9175
8225,2,1.347,9177
8226,2,1.348,9179
8227,2,1.349,9181
8228,1,1.35,9182
8229,2,1.351,9184
8230,2,1.35,9186
8231,2,1.352,9188
8232,0,1.351,9188
8233,3,1.353,9191
8234,1,1.353,9192
8235,0,1.352,9192
8236,4,1.356,9196
8237,0,1.354,9196
8238,0,1.352,9196
8239,1,1.352,9197
8240,1,1.353,9198
8241,1,1.354,9199
8242,1,1.353,9200
8243,1,1.353,9201
8244,2,1.355,9203
8245,1,1.355,9204
8246,1,1.354,9205
8247,1,1.351,9206
8248,1,1.352,9207
8249,0,1.352,9207
8250,1,1.351,9208
8251,0,1.348,9208
8252,0,1.348,9208
8253,0,1.347,9208
8254,1,1.347,9209
8255,0,1.346,9209
8256,0,1.345,9209
8257,1,1.344,9210
8258,1,1.342,9211
8259,0,1.341,9211
8260,0,1.34,9211
8261,2,1.341,9213
8262,0,1.34,9213
8263,1,1.341,9214
8264,1,1.34,9215
8265,1,1.341,9216
8266,2,1.339,9218
8267,1,1.338,9219
8268,0,1.337,9219
8269,0,1.335,9219
8270,1,1.336,9220
8271,1,1.335,9221
8272,1,1.335,9222
8273,0,1.333,9222
8274,0,1.331,9222
8275,1,1.33,9223
8276,1,1.331,9224
8277,1,1.33,9225
8278,1,1.331,9226
8279,2,1.331,9228
8280,2,1.329,9230
8281,2,1.331,9232
8282,2,1.333,9234
8283,0,1.333,9234
8284,0,1.333,9234
8285,0,1.331,9234
8286,2,1.331,9236
8287,0,1.331,9236
8288,0,1.329,9236
8289,0,1.329,9236
8290,3,1.332,9239
8291,1,1.33,9240
8292,2,1.33,9242
8293,4,1.332,9246
8294,0,1.33,9246
8295,0,1.33,9246
8296,2,1.33,9248
8297,3,1.333,9251
8298,0,1.331,9251
8299,1,1.33,9252
8300,2,1.328,9254
8301,0,1.326,9254
8302,2,1.324,9256
8303,0,1.322,9256
8304,2,1.322,9258
8305,0,1.322,9258
8306,1,1.323,9259
8307,0,1.321,9259
8308,1,1.322,9260
8309,4,1.326,9264
8310,4,1.328,9268
8311,1,1.327,9269
8312,0,1.327,9269
8313,2,1.329,9271
8314,1,1.329,9272
8315,4,1.33,9276
8316,0,1.329,9276
8317,2,1.331,9278
8318,0,1.33,9278
8319,0,1.328,9278
8320,2,1.329,9280
8321,2,1.33,9282
8322,0,1.33,9282
8323,0,1.326,9282
8324,1,1.326,9283
8325,3,1.328,9286
8326,1,1.328,9287
8327,1,1.327,9288
8328,3,1.33,9291
8329,2,1.33,9293
8330,2,1.33,9295
8331,0,1.329,9295
8332,2,1.33,9297
8333,1,1.331,9298
8334,1,1.33,9299
8335,3,1.331,9302
8336,2,1.331,9304
8337,1,1.332,9305
8338,2,1.334,9307
8339,1,1.333,9308
8340,0,1.332,9308
8341,2,1.332,9310
8342,0,1.332,9310
8343,2,1.333,9312
8344,2,1.335,9314
8345,2,1.335,9316
8346,0,1.333,9316
8347,1,1.334,9317
8348,2,1.334,9319
8349,2,1.334,9321
8350,2,1.334,9323
8351,2,1.336,9325
8352,3,1.339,9328
8353,2,1.341,9330
8354,2,1.339,9332
8355,2,1.339,9334
8356,2,1.339,9336
8357,2,1.339,9338
8358,4,1.342,9342
8359,2,1.341,9344
8360,2,1.341,9346
8361,2,1.343,9348
8362,2,1.345,9350
8363,1,1.344,9351
8364,2,1.345,9353
8365,0,1.343,9353
8366,0,1.342,9353
8367,0,1.342,9353
8368,1,1.343,9354
8369,2,1.344,9356
8370,0,1.343,9356
8371,2,1.344,9358
8372,2,1.345,9360
8373,2,1.347,9362
8374,0,1.346,9362
8375,2,1.346,9364
8376,2,1.348,9366
8377,2,1.348,9368
8378,2,1.349,9370
8379,2,1.35,9372
8380,2,1.351,9374
8381,2,1.353,9376
8382,2,1.354,9378
8383,2,1.355,9380
8384,2,1.356,9382
8385,2,1.357,9384
8386,2,1.358,9386
8387,0,1.357,9386
8388,0,1.356,9386
8389,1,1.356,9387
8390,1,1.356,9388
8391,0,1.355,9388
8392,2,1.356,9390
8393,2,1.358,9392
8394,2,1.359,9394
8395,2,1.359,9396
8396,0,1.358,9396
8397,2,1.358,9398
8398,3,1.36,9401
8399,2,1.361,9403
8400,2,1.363,9405
8401,2,1.365,9407
8402,0,1.363,9407
8403,2,1.363,9409
8404,2,1.365,9411
8405,2,1.365,9413
8406,2,1.367,9415
8407,4,1.37,9419
8408,0,1.368,9419
8409,0,1.368,9419
8410,0,1.368,9419
8411,2,1.368,9421
8412,2,1.369,9423
8413,0,1.368,9423
8414,2,1.366,9425
8415,2,1.366,9427
8416,2,1.366,9429
8417,0,1.366,9429
8418,2,1.368,9431
8419,1,1.367,9432
8420,2,1.367,9434
8421,2,1.368,9436
8422,2,1.368,9438
8423,4,1.37,9442
8424,1,1.371,9443
8425,4,1.373,9447
8426,0,1.371,9447
8427,4,1.373,9451
8428,2,1.375,9453
8429,2,1.376,9455
8430,2,1.376,9457
8431,0,1.375,9457
8432,2,1.377,9459
8433,2,1.377,9461
8434,0,1.375,9461
8435,2,1.375,9463
8436,0,1.373,9463
8437,2,1.373,9465
8438,1,1.372,9466
8439,1,1.373,9467
8440,0,1.372,9467
8441,0,1.372,9467
8442,2,1.373,9469
8443,2,1.371,9471
8444,2,1.373,9473
8445,2,1.375,9475
8446,2,1.377,9477
8447,1,1.376,9478
8448,4,1.38,9482
8449,2,1.38,9484
8450,2,1.381,9486
8451,0,1.379,9486
8452,2,1.38,9488
8453,2,1.38,9490
8454,2,1.378,9492
8455,0,1.378,9492
8456,2,1.378,9494
8457,2,1.379,9496
8458,0,1.377,9496
8459,0,1.375,9496
8460,2,1.375,9498
8461,0,1.375,9498
8462,4,1.375,9502
8463,2,1.375,9504
8464,0,1.373,9504
8465,2,1.373,9506
8466,2,1.375,9508
8467,2,1.375,9510
8468,1,1.374,9511
8469,0,1.372,9511
8470,3,1.375,9514
8471,1,1.374,9515
8472,2,1.376,9517
8473,1,1.377,9518
8474,0,1.375,9518
8475,2,1.376,9520
8476,2,1.377,9522
8477,4,1.38,9526
8478,0,1.376,9526
8479,2,1.378,9528
8480,2,1.378,9530
8481,0,1.378,9530
8482,2,1.379,9532
8483,2,1.378,9534
8484,3,1.38,9537
8485,0,1.38,9537
8486,2,1.379,9539
8487,2,1.38,9541
8488,0,1.379,9541
8489,2,1.38,9543
8490,2,1.381,9545
8491,2,1.38,9547
8492,2,1.381,9549
8493,2,1.383,9551
8494,2,1.383,9553
8495,0,1.381,9553
8496,2,1.382,9555
8497,2,1.383,9557
8498,0,1.383,9557
8499,2,1.385,9559
8500,0,1.384,9559
8501,2,1.385,9561
8502,2,1.385,9563
8503,0,1.385,9563
8504,1,1.384,9564
8505,2,1.385,9566
8506,2,1.386,9568
8507,2,1.386,9570
8508,0,1.386,9570
8509,2,1.386,9572
8510,0,1.385,9572
8511,0,1.385,9572
8512,2,1.384,9574
8513,2,1.386,9576
8514,0,1.385,9576
8515,2,1.385,9578
8516,0,1.382,9578
8517,0,1.382,9578
8518,2,1.382,9580
8519,2,1.384,9582
8520,0,1.384,9582
8521,2,1.386,9584
8522,2,1.386,9586
8523,2,1.386,9588
8524,0,1.384,9588
8525,2,1.386,9590
8526,2,1.385,9592
8527,2,1.386,9594
8528,2,1.386,9596
8529,2,1.386,9598
8530,2,1.386,9600
8531,1,1.384,9601
8532,2,1.384,9603
8533,2,1.383,9605
8534,2,1.384,9607
8535,1,1.382,9608
8536,2,1.382,9610
8537,0,1.38,9610
8538,2,1.378,9612
8539,0,1.377,9612
8540,2,1.379,9614
8541,2,1.381,9616
8542,2,1.382,9618
8543,4,1.386,9622
8544,0,1.386,9622
8545,2,1.388,9624
8546,3,1.39,9627
8547,2,1.391,9629
8548,2,1.392,9631
8549,2,1.394,9633
8550,2,1.396,9635
8551,2,1.397,9637
8552,3,1.397,9640
8553,1,1.396,9641
8554,0,1.394,9641
8555,2,1.396,9643
8556,2,1.396,9645
8557,1,1.395,9646
8558,0,1.395,9646
8559,0,1.393,9646
8560,2,1.393,9648
8561,2,1.393,9650
8562,2,1.393,9652
8563,1,1.392,9653
8564,0,1.392,9653
8565,2,1.392,9655
8566,2,1.394,9657
8567,0,1.394,9657
8568,2,1.395,9659
8569,0,1.393,9659
8570,1,1.392,9660
8571,2,1.392,9662
8572,2,1.392,9664
8573,0,1.392,9664
8574,2,1.392,9666
8575,1,1.393,9667
8576,2,1.393,9669
8577,2,1.395,9671
8578,0,1.393,9671
8579,2,1.393,9673
8580,1,1.394,9674
8581,0,1.394,9674
8582,2,1.396,9676
8583,0,1.395,9676
8584,2,1.397,9678
8585,1,1.398,9679
8586,2,1.4,9681
8587,4,1.4,9685
8588,0,1.4,9685
8589,2,1.401,9687
8590,2,1.403,9689
8591,0,1.401,9689
8592,1,1.4,9690
8593,0,1.399,9690
8594,2,1.397,9692
8595,0,1.397,9692
8596,1,1.396,9693
8597,0,1.394,9693
8598,0,1.394,9693
8599,1,1.394,9694
8600,2,1.395,9696
8601,2,1.394,9698
8602,2,1.394,9700
8603,2,1.396,9702
8604,2,1.395,9704
8605,2,1.395,9706
8606,4,1.399,9710
8607,2,1.399,9712
8608,0,1.398,9712
8609,2,1.399,9714
8610,2,1.398,9716
8611,0,1.396,9716
8612,2,1.395,9718
8613,2,1.397,9720
8614,1,1.397,9721
8615,2,1.398,9723
8616,0,1.397,9723
8617,2,1.398,9725
8618,0,1.397,9725
8619,0,1.395,9725
8620,4,1.397,9729
8621,1,1.396,9730
8622,2,1.398,9732
8623,0,1.397,9732
8624,2,1.398,9734
8625,2,1.399,9736
8626,0,1.399,9736
8627,1,1.398,9737
8628,2,1.398,9739
8629,2,1.398,9741
8630,2,1.398,9743
8631,4,1.4,9747
8632,0,1.398,9747
8633,2,1.398,9749
8634,2,1.398,9751
8635,2,1.398,9753
8636,2,1.398,9755
8637,2,1.398,9757
8638,0,1.398,9757
8639,0,1.398,9757
8640,1,1.397,9758
8641,4,1.399,9762
8642,2,1.399,9764
8643,2,1.4,9766
8644,1,1.397,9767
8645,0,1.396,9767
8646,0,1.394,9767
8647,0,1.394,9767
8648,0,1.392,9767
8649,2,1.392,9769
8650,0,1.39,9769
8651,2,1.39,9771
8652,2,1.391,9773
8653,0,1.391,9773
8654,1,1.391,9774
8655,0,1.391,9774
8656,2,1.393,9776
8657,2,1.393,9778
8658,2,1.394,9780
8659,0,1.394,9780
8660,0,1.393,9780
8661,0,1.392,9780
8662,0,1.391,9780
8663,2,1.391,9782
8664,1,1.392,9783
8665,3,1.394,9786
8666,2,1.395,9788
8667,1,1.395,9789
8668,2,1.396,9791
8669,4,1.399,9795
8670,2,1.4,9797
8671,0,1.399,9797
8672,0,1.396,9797
8673,1,1.397,9798
8674,0,1.397,9798
8675,1,1.397,9799
8676,0,1.395,9799
8677,1,1.396,9800
8678,0,1.394,9800
8679,0,1.392,9800
8680,1,1.391,9801
8681,2,1.391,9803
8682,2,1.391,9805
8683,0,1.391,9805
8684,0,1.389,9805
8685,2,1.391,9807
8686,4,1.394,9811
8687,1,1.393,9812
8688,1,1.392,9813
8689,1,1.393,9814
8690,0,1.393,9814
8691,1,1.394,9815
8692,1,1.393,9816
8693,2,1.393,9818
8694,4,1.395,9822
8695,1,1.396,9823
8696,2,1.398,9825
8697,2,1.398,9827
8698,0,1.396,9827
8699,0,1.394,9827
8700,1,1.393,9828
8701,0,1.391,9828
8702,1,1.388,9829
8703,1,1.385,9830
8704,0,1.385,9830
8705,2,1.384,9832
8706,2,1.384,9834
8707,2,1.384,9836
8708,1,1.385,9837
8709,1,1.382,9838
8710,3,1.384,9841
8711,2,1.384,9843
8712,0,1.382,9843
8713,0,1.381,9843
8714,2,1.381,9845
8715,2,1.381,9847
8716,3,1.384,9850
8717,1,1.383,9851
8718,1,1.382,9852
8719,1,1.382,9853
8720,4,1.386,9857
8721,0,1.386,9857
8722,2,1.387,9859
8723,0,1.387,9859
8724,2,1.387,9861
8725,2,1.387,9863
8726,0,1.385,9863
8727,2,1.385,9865
8728,0,1.385,9865
8729,2,1.385,9867
8730,2,1.385,9869
8731,2,1.385,9871
8732,2,1.387,9873
8733,0,1.386,9873
8734,2,1.388,9875
8735,0,1.387,9875
8736,2,1.387,9877
8737,0,1.385,9877
8738,2,1.387,9879
8739,0,1.387,9879
8740,0,1.386,9879
8741,1,1.387,9880
8742,1,1.386,9881
8743,2,1.386,9883
8744,1,1.384,9884
8745,1,1.383,9885
8746,1,1.383,9886
8747,1,1.382,9887
8748,2,1.384,9889
8749,0,1.38,9889
8750,1,1.377,9890
8751,3,1.379,9893
8752,1,1.38,9894
8753,1,1.379,9895
8754,1,1.38,9896
8755,1,1.381,9897
8756,1,1.38,9898
8757,1,1.379,9899
8758,1,1.378,9900
8759,2,1.38,9902
8760,2,1.38,9904
8761,0,1.378,9904
8762,0,1.377,9904
8763,1,1.376,9905
8764,1,1.375,9906
8765,2,1.376,9908
8766,1,1.377,9909
8767,2,1.379,9911
8768,2,1.379,9913
8769,2,1.38,9915
8770,2,1.38,9917
8771,2,1.38,9919
8772,4,1.382,9923
8773,4,1.384,9927
8774,2,1.386,9929
8775,2,1.388,9931
8776,2,1.389,9933
8777,0,1.385,9933
8778,0,1.385,9933
8779,2,1.387,9935
8780,2,1.387,9937
8781,0,1.386,9937
8782,2,1.386,9939
8783,2,1.386,9941
8784,0,1.386,9941
8785,1,1.385,9942
8786,2,1.387,9944
8787,0,1.385,9944
8788,1,1.384,9945
8789,2,1.386,9947
8790,2,1.387,9949
8791,2,1.389,9951
8792,2,1.39,9953
8793,4,1.394,9957
8794,2,1.394,9959
8795,1,1.394,9960
8796,2,1.396,9962
8797,0,1.393,9962
8798,0,1.392,9962
8799,2,1.392,9964
8800,2,1.391,9966
8801,2,1.391,9968
8802,0,1.389,9968
8803,1,1.389,9969
8804,2,1.387,9971
8805,2,1.389,9973
8806,2,1.389,9975
8807,2,1.389,9977
8808,0,1.389,9977
8809,0,1.387,9977
8810,1,1.386,9978
8811,0,1.386,9978
8812,1,1.387,9979
8813,0,1.385,9979
8814,2,1.385,9981
8815,2,1.387,9983
8816,0,1.386,9983
8817,2,1.388,9985
8818,1,1.387,9986
8819,1,1.388,9987
8820,2,1.39,9989
8821,3,1.392,9992
8822,3,1.394,9995
8823,2,1.394,9997
8824,0,1.392,9997
8825,2,1.392,9999
8826,0,1.39,9999
8827,2,1.39,10001
8828,0,1.388,10001
8829,2,1.388,10003
8830,0,1.386,10003
8831,2,1.387,10005
8832,2,1.387,10007
8833,2,1.388,10009
8834,2,1.388,10011
8835,4,1.39,10015
8836,1,1.389,10016
8837,1,1.388,10017
8838,4,1.39,10021
8839,2,1.39,10023
8840,2,1.39,10025
8841,2,1.391,10027
8842,2,1.393,10029
8843,2,1.394,10031
8844,0,1.394,10031
8845,0,1.394,10031
8846,2,1.396,10033
8847,2,1.397,10035
8848,2,1.397,10037
8849,2,1.397,10039
8850,2,1.397,10041
8851,1,1.396,10042
8852,0,1.396,10042
8853,1,1.395,10043
8854,1,1.392,10044
8855,2,1.394,10046
8856,2,1.396,10048
8857,2,1.394,10050
8858,2,1.396,10052
8859,4,1.398,10056
8860,2,1.399,10058
8861,0,1.397,10058
8862,0,1.397,10058
8863,0,1.395,10058
8864,2,1.395,10060
8865,2,1.395,10062
8866,2,1.395,10064
8867,2,1.395,10066
8868,2,1.397,10068
8869,1,1.398,10069
8870,1,1.397,10070
8871,0,1.395,10070
8872,2,1.395,10072
8873,2,1.395,10074
8874,0,1.395,10074
8875,0,1.393,10074
8876,2,1.395,10076
8877,0,1.392,10076
8878,0,1.39,10076
8879,0,1.389,10076
8880,2,1.389,10078
8881,2,1.389,10080
8882,2,1.389,10082
8883,2,1.389,10084
8884,2,1.391,10086
8885,3,1.391,10089
8886,1,1.388,10090
8887,4,1.392,10094
8888,2,1.392,10096
8889,2,1.392,10098
8890,2,1.392,10100
8891,1,1.391,10101
8892,0,1.391,10101
8893,2,1.391,10103
8894,2,1.391,10105
8895,0,1.389,10105
8896,2,1.387,10107
8897,2,1.387,10109
8898,2,1.389,10111
8899,2,1.391,10113
8900,2,1.391,10115
8901,0,1.391,10115
8902,2,1.391,10117
8903,2,1.392,10119
8904,2,1.392,10121
8905,1,1.391,10122
8906,2,1.391,10124
8907,2,1.393,10126
8908,2,1.393,10128
8909,2,1.394,10130
8910,4,1.397,10134
8911,0,1.397,10134
8912,1,1.398,10135
8913,0,1.398,10135
8914,0,1.398,10135
8915,2,1.399,10137
8916,2,1.399,10139
8917,0,1.397,10139
8918,2,1.397,10141
8919,2,1.395,10143
8920,0,1.394,10143
8921,2,1.394,10145
8922,2,1.396,10147
8923,2,1.396,10149
8924,2,1.396,10151
8925,4,1.398,10155
8926,0,1.397,10155
8927,2,1.397,10157
8928,2,1.397,10159
8929,2,1.397,10161
8930,2,1.398,10163
8931,2,1.4,10165
8932,2,1.402,10167
8933,1,1.401,10168
8934,2,1.399,10170
8935,2,1.399,10172
8936,0,1.399,10172
8937,2,1.401,10174
8938,2,1.401,10176
8939,2,1.401,10178
8940,0,1.399,10178
8941,2,1.4,10180
8942,2,1.4,10182
8943,0,1.398,10182
8944,4,1.4,10186
8945,0,1.4,10186
8946,2,1.401,10188
8947,0,1.399,10188
8948,2,1.399,10190
8949,2,1.4,10192
8950,1,1.399,10193
8951,0,1.397,10193
8952,0,1.397,10193
8953,0,1.395,10193
8954,2,1.395,10195
8955,0,1.395,10195
8956,2,1.395,10197
8957,0,1.392,10197
8958,2,1.393,10199
8959,0,1.393,10199
8960,2,1.393,10201
8961,2,1.391,10203
8962,2,1.393,10205
8963,2,1.395,10207
8964,1,1.394,10208
8965,2,1.395,10210
8966,2,1.395,10212
8967,2,1.396,10214
8968,2,1.397,10216
8969,2,1.399,10218
8970,1,1.398,10219
8971,1,1.399,10220
8972,2,1.399,10222
8973,4,1.401,10226
8974,1,1.402,10227
8975,2,1.404,10229
8976,2,1.405,10231
8977,2,1.407,10233
8978,0,1.405,10233
8979,2,1.406,10235
8980,2,1.407,10237
8981,0,1.405,10237
8982,0,1.403,10237
8983,2,1.403,10239
8984,2,1.403,10241
8985,0,1.401,10241
8986,0,1.399,10241
8987,2,1.399,10243
8988,0,1.397,10243
8989,2,1.398,10245
8990,0,1.398,10245
8991,2,1.398,10247
8992,0,1.396,10247
8993,1,1.395,10248
8994,1,1.394,10249
8995,1,1.395,10250
8996,1,1.394,10251
8997,0,1.394,10251
8998,2,1.394,10253
8999,4,1.396,10257
9000,2,1.396,10259
9001,2,1.396,10261
9002,0,1.396,10261
9003,4,1.4,10265
9004,2,1.4,10267
9005,1,1.401,10268
9006,0,1.401,10268
9007,2,1.399,10270
9008,2,1.401,10272
9009,2,1.401,10274
9010,2,1.401,10276
9011,2,1.403,10278
9012,1,1.402,10279
9013,2,1.404,10281
9014,0,1.402,10281
9015,2,1.402,10283
9016,2,1.402,10285
9017,2,1.402,10287
9018,2,1.402,10289
9019,2,1.402,10291
9020,2,1.404,10293
9021,0,1.403,10293
9022,1,1.403,10294
9023,0,1.403,10294
9024,0,1.401,10294
9025,2,1.401,10296
9026,2,1.399,10298
9027,1,1.398,10299
9028,0,1.396,10299
9029,0,1.396,10299
9030,0,1.396,10299
9031,0,1.394,10299
9032,2,1.393,10301
9033,2,1.395,10303
9034,3,1.398,10306
9035,0,1.396,10306
9036,2,1.398,10308
9037,2,1.4,10310
9038,2,1.4,10312
9039,2,1.402,10314
9040,3,1.403,10317
9041,2,1.403,10319
9042,2,1.405,10321
9043,2,1.405,10323
9044,2,1.406,10325
9045,2,1.406,10327
9046,4,1.408,10331
9047,2,1.408,10333
9048,0,1.406,10333
9049,2,1.406,10335
9050,2,1.408,10337
9051,1,1.407,10338
9052,4,1.409,10342
9053,2,1.41,10344
9054,0,1.409,10344
9055,0,1.409,10344
9056,1,1.406,10345
9057,2,1.407,10347
9058,0,1.407,10347
9059,2,1.408,10349
9060,0,1.407,10349
9061,2,1.407,10351
9062,1,1.404,10352
9063,2,1.404,10354
9064,0,1.402,10354
9065,2,1.402,10356
9066,2,1.402,10358
9067,1,1.403,10359
9068,2,1.403,10361
9069,2,1.404,10363
9070,2,1.406,10365
9071,2,1.408,10367
9072,0,1.408,10367
9073,2,1.409,10369
9074,2,1.409,10371
9075,2,1.411,10373
9076,0,1.409,10373
9077,2,1.409,10375
9078,0,1.407,10375
9079,0,1.407,10375
9080,4,1.409,10379
9081,2,1.409,10381
9082,2,1.409,10383
9083,0,1.407,10383
9084,0,1.405,10383
9085,2,1.406,10385
9086,2,1.404,10387
9087,2,1.405,10389
9088,0,1.403,10389
9089,3,1.404,10392
9090,0,1.402,10392
9091,3,1.403,10395
9092,0,1.401,10395
9093,0,1.399,10395
9094,2,1.399,10397
9095,0,1.399,10397
9096,2,1.399,10399
9097,1,1.4,10400
9098,0,1.4,10400
9099,2,1.4,10402
9100,0,1.4,10402
9101,2,1.402,10404
9102,2,1.402,10406
9103,0,1.401,10406
9104,0,1.399,10406
9105,1,1.399,10407
9106,2,1.398,10409
9107,2,1.399,10411
9108,0,1.397,10411
9109,2,1.398,10413
9110,0,1.396,10413
9111,0,1.394,10413
9112,0,1.392,10413
9113,2,1.392,10415
9114,1,1.391,10416
9115,0,1.389,10416
9116,0,1.388,10416
9117,2,1.388,10418
9118,0,1.386,10418
9119,2,1.386,10420
9120,1,1.385,10421
9121,0,1.385,10421
9122,2,1.385,10423
9123,2,1.385,10425
9124,3,1.385,10428
9125,2,1.385,10430
9126,2,1.385,10432
9127,2,1.385,10434
9128,0,1.385,10434
9129,2,1.386,10436
9130,2,1.386,10438
9131,0,1.385,10438
9132,0,1.383,10438
9133,1,1.384,10439
9134,2,1.386,10441
9135,0,1.385,10441
9136,0,1.383,10441
9137,2,1.383,10443
9138,0,1.381,10443
9139,2,1.381,10445
9140,0,1.379,10445
9141,2,1.38,10447
9142,0,1.378,10447
9143,2,1.38,10449
9144,2,1.382,10451
9145,2,1.384,10453
9146,2,1.386,10455
9147,2,1.388,10457
9148,0,1.386,10457
9149,0,1.386,10457
9150,0,1.386,10457
9151,2,1.386,10459
9152,2,1.387,10461
9153,0,1.387,10461
9154,0,1.385,10461
9155,2,1.385,10463
9156,1,1.386,10464
9157,0,1.386,10464
9158,2,1.386,10466
9159,2,1.386,10468
9160,1,1.387,10469
9161,1,1.384,10470
9162,2,1.386,10472
9163,2,1.384,10474
9164,0,1.382,10474
9165,2,1.382,10476
9166,2,1.384,10478
9167,2,1.384,10480
9168,2,1.385,10482
9169,2,1.385,10484
9170,0,1.383,10484
9171,2,1.383,10486
9172,0,1.381,10486
9173,1,1.38,10487
9174,2,1.382,10489
9175,0,1.38,10489
9176,2,1.382,10491
9177,4,1.386,10495
9178,0,1.386,10495
9179,0,1.386,10495
9180,2,1.386,10497
9181,2,1.387,10499
9182,2,1.389,10501
9183,2,1.389,10503
9184,2,1.389,10505
9185,2,1.389,10507
9186,2,1.391,10509
9187,4,1.391,10513
9188,2,1.392,10515
9189,2,1.392,10517
9190,0,1.39,10517
9191,2,1.39,10519
9192,2,1.388,10521
9193,2,1.39,10523
9194,2,1.391,10525
9195,2,1.392,10527
9196,2,1.394,10529
9197,2,1.394,10531
9198,0,1.392,10531
9199,2,1.392,10533
9200,0,1.391,10533
9201,0,1.387,10533
9202,2,1.389,10535
9203,2,1.389,10537
9204,2,1.391,10539
9205,2,1.391,10541
9206,2,1.391,10543
9207,1,1.389,10544
9208,2,1.389,10546
9209,2,1.389,10548
9210,2,1.389,10550
9211,2,1.391,10552
9212,0,1.391,10552
9213,1,1.388,10553
9214,1,1.387,10554
9215,2,1.387,10556
9216,3,1.39,10559
9217,4,1.392,10563
9218,2,1.394,10565
9219,0,1.394,10565
9220,2,1.394,10567
9221,2,1.394,10569
9222,0,1.394,10569
9223,1,1.395,10570
9224,0,1.395,10570
9225,2,1.395,10572
9226,2,1.395,10574
9227,2,1.395,10576
9228,2,1.396,10578
9229,2,1.396,10580
9230,2,1.396,10582
9231,0,1.394,10582
9232,1,1.395,10583
9233,2,1.394,10585
9234,2,1.395,10587
9235,4,1.399,10591
9236,2,1.397,10593
9237,2,1.399,10595
9238,2,1.401,10597
9239,0,1.4,10597
9240,2,1.401,10599
9241,2,1.402,10601
9242,3,1.404,10604
9243,0,1.403,10604
9244,0,1.401,10604
9245,4,1.404,10608
9246,0,1.403,10608
9247,0,1.402,10608
9248,2,1.403,10610
9249,2,1.405,10612
9250,2,1.406,10614
9251,2,1.408,10616
9252,1,1.409,10617
9253,2,1.411,10619
9254,1,1.411,10620
9255,2,1.413,10622
9256,0,1.413,10622
9257,0,1.412,10622
9258,0,1.411,10622
9259,0,1.411,10622
9260,0,1.411,10622
9261,2,1.411,10624
9262,2,1.413,10626
9263,2,1.414,10628
9264,2,1.415,10630
9265,2,1.416,10632
9266,2,1.416,10634
9267,2,1.417,10636
9268,2,1.419,10638
9269,0,1.419,10638
9270,2,1.42,10640
9271,0,1.419,10640
9272,2,1.42,10642
9273,4,1.424,10646
9274,2,1.426,10648
9275,0,1.425,10648
9276,2,1.426,10650
9277,2,1.427,10652
9278,2,1.428,10654
9279,2,1.428,10656
9280,2,1.428,10658
9281,2,1.428,10660
9282,2,1.428,10662
9283,2,1.43,10664
9284,2,1.432,10666
9285,2,1.434,10668
9286,1,1.433,10669
9287,3,1.436,10672
9288,2,1.438,10674
9289,0,1.438,10674
9290,0,1.435,10674
9291,2,1.436,10676
9292,1,1.435,10677
9293,2,1.433,10679
9294,0,1.433,10679
9295,0,1.433,10679
9296,2,1.433,10681
9297,2,1.432,10683
9298,2,1.434,10685
9299,0,1.433,10685
9300,4,1.435,10689
9301,2,1.437,10691
9302,2,1.437,10693
9303,0,1.437,10693
9304,0,1.435,10693
9305,0,1.435,10693
9306,0,1.434,10693
9307,0,1.434,10693
9308,2,1.435,10695
9309,0,1.431,10695
9310,1,1.428,10696
9311,1,1.428,10697
9312,2,1.43,10699
9313,2,1.43,10701
9314,2,1.431,10703
9315,0,1.427,10703
9316,2,1.429,10705
9317,2,1.429,10707
9318,2,1.431,10709
9319,2,1.433,10711
9320,1,1.432,10712
9321,1,1.431,10713
9322,2,1.433,10715
9323,2,1.435,10717
9324,0,1.434,10717
9325,4,1.435,10721
9326,2,1.436,10723
9327,0,1.435,10723
9328,2,1.434,10725
9329,2,1.434,10727
9330,2,1.434,10729
9331,2,1.436,10731
9332,2,1.436,10733
9333,2,1.437,10735
9334,2,1.438,10737
9335,1,1.436,10738
9336,1,1.435,10739
9337,2,1.436,10741
9338,1,1.435,10742
9339,2,1.436,10744
9340,2,1.438,10746
9341,0,1.436,10746
9342,1,1.437,10747
9343,0,1.435,10747
9344,2,1.435,10749
9345,2,1.435,10751
9346,3,1.438,10754
9347,0,1.437,10754
9348,1,1.436,10755
9349,1,1.435,10756
9350,0,1.433,10756
9351,2,1.433,10758
9352,1,1.431,10759
9353,2,1.431,10761
9354,0,1.429,10761
9355,3,1.43,10764
9356,1,1.429,10765
9357,2,1.429,10767
9358,1,1.426,10768
9359,0,1.424,10768
9360,1,1.423,10769
9361,2,1.423,10771
9362,1,1.422,10772
9363,0,1.421,10772
9364,2,1.421,10774
9365,0,1.421,10774
9366,0,1.421,10774
9367,0,1.421,10774
9368,0,1.42,10774
9369,2,1.42,10776
9370,2,1.422,10778
9371,2,1.422,10780
9372,2,1.422,10782
9373,2,1.422,10784
9374,2,1.424,10786
9375,2,1.424,10788
9376,1,1.423,10789
9377,0,1.421,10789
9378,2,1.421,10791
9379,1,1.42,10792
9380,1,1.419,10793
9381,2,1.419,10795
9382,2,1.419,10797
9383,2,1.419,10799
9384,1,1.418,10800
9385,2,1.418,10802
9386,0,1.416,10802
9387,2,1.418,10804
9388,2,1.42,10806
9389,2,1.421,10808
9390,0,1.42,10808
9391,0,1.42,10808
9392,0,1.418,10808
9393,1,1.417,10809
9394,2,1.417,10811
9395,2,1.417,10813
9396,0,1.417,10813
9397,1,1.416,10814
9398,2,1.415,10816
9399,0,1.413,10816
9400,2,1.413,10818
9401,2,1.413,10820
9402,2,1.415,10822
9403,1,1.414,10823
9404,2,1.414,10825
9405,2,1.414,10827
9406,0,1.412,10827
9407,2,1.41,10829
9408,2,1.412,10831
9409,0,1.412,10831
9410,2,1.414,10833
9411,0,1.412,10833
9412,4,1.414,10837
9413,1,1.415,10838
9414,0,1.413,10838
9415,1,1.412,10839
9416,0,1.41,10839
9417,0,1.41,10839
9418,0,1.408,10839
9419,2,1.409,10841
9420,2,1.409,10843
9421,2,1.409,10845
9422,2,1.409,10847
9423,0,1.405,10847
9424,1,1.405,10848
9425,2,1.403,10850
9426,1,1.404,10851
9427,2,1.402,10853
9428,2,1.402,10855
9429,2,1.402,10857
9430,2,1.402,10859
9431,0,1.402,10859
9432,2,1.402,10861
9433,1,1.401,10862
9434,0,1.401,10862
9435,1,1.4,10863
9436,2,1.402,10865
9437,1,1.401,10866
9438,0,1.4,10866
9439,2,1.401,10868
9440,2,1.403,10870
9441,0,1.403,10870
9442,2,1.403,10872
9443,2,1.403,10874
9444,2,1.403,10876
9445,0,1.401,10876
9446,2,1.401,10878
9447,2,1.402,10880
9448,2,1.4,10882
9449,2,1.4,10884
9450,0,1.398,10884
9451,2,1.4,10886
9452,0,1.398,10886
9453,2,1.398,10888
9454,2,1.398,10890
9455,2,1.4,10892
9456,0,1.398,10892
9457,1,1.397,10893
9458,2,1.399,10895
9459,2,1.401,10897
9460,2,1.401,10899
9461,1,1.402,10900
9462,2,1.4,10902
9463,0,1.398,10902
9464,0,1.398,10902
9465,2,1.398,10904
9466,2,1.398,10906
9467,0,1.396,10906
9468,1,1.396,10907
9469,1,1.397,10908
9470,3,1.397,10911
9471,2,1.398,10913
9472,4,1.4,10917
9473,0,1.399,10917
9474,0,1.399,10917
9475,0,1.397,10917
9476,2,1.397,10919
9477,2,1.395,10921
9478,0,1.395,10921
9479,2,1.395,10923
9480,2,1.395,10925
9481,2,1.397,10927
9482,4,1.399,10931
9483,2,1.399,10933
9484,1,1.397,10934
9485,0,1.397,10934
9486,2,1.397,10936
9487,2,1.397,10938
9488,2,1.399,10940
9489,0,1.397,10940
9490,2,1.397,10942
9491,4,1.399,10946
9492,0,1.397,10946
9493,0,1.395,10946
9494,1,1.394,10947
9495,2,1.396,10949
9496,2,1.396,10951
9497,0,1.394,10951
9498,2,1.396,10953
9499,0,1.394,10953
9500,0,1.394,10953
9501,2,1.394,10955
9502,0,1.392,10955
9503,2,1.394,10957
9504,2,1.395,10959
9505,0,1.393,10959
9506,2,1.393,10961
9507,2,1.393,10963
9508,2,1.395,10965
9509,0,1.393,10965
9510,0,1.393,10965
9511,1,1.394,10966
9512,2,1.394,10968
9513,2,1.394,10970
9514,2,1.396,10972
9515,2,1.396,10974
9516,4,1.4,10978
9517,0,1.4,10978
9518,2,1.4,10980
9519,0,1.398,10980
9520,0,1.398,10980
9521,2,1.398,10982
9522,2,1.398,10984
9523,0,1.396,10984
9524,0,1.396,10984
9525,2,1.396,10986
9526,2,1.396,10988
9527,0,1.394,10988
9528,0,1.392,10988
9529,3,1.393,10991
9530,2,1.393,10993
9531,0,1.392,10993
9532,2,1.392,10995
9533,2,1.392,10997
9534,2,1.392,10999
9535,2,1.393,11001
9536,2,1.393,11003
9537,2,1.395,11005
9538,0,1.393,11005
9539,2,1.395,11007
9540,0,1.393,11007
9541,2,1.393,11009
9542,0,1.391,11009
9543,2,1.389,11011
9544,4,1.393,11015
9545,0,1.391,11015
9546,2,1.39,11017
9547,2,1.39,11019
9548,2,1.39,11021
9549,2,1.39,11023
9550,3,1.391,11026
9551,2,1.391,11028
9552,2,1.39,11030
9553,2,1.391,11032
9554,2,1.393,11034
9555,2,1.393,11036
9556,0,1.391,11036
9557,2,1.392,11038
9558,2,1.394,11040
9559,2,1.396,11042
9560,2,1.396,11044
9561,2,1.396,11046
9562,0,1.394,11046
9563,2,1.395,11048
9564,0,1.395,11048
9565,2,1.395,11050
9566,2,1.395,11052
9567,2,1.397,11054
9568,2,1.397,11056
9569,2,1.399,11058
9570,1,1.399,11059
9571,0,1.397,11059
9572,0,1.395,11059
9573,2,1.397,11061
9574,2,1.397,11063
9575,2,1.398,11065
9576,0,1.396,11065
9577,2,1.396,11067
9578,1,1.397,11068
9579,2,1.397,11070
9580,0,1.396,11070
9581,2,1.398,11072
9582,2,1.398,11074
9583,1,1.399,11075
9584,1,1.398,11076
9585,2,1.399,11078
9586,2,1.399,11080
9587,0,1.395,11080
9588,0,1.395,11080
9589,2,1.395,11082
9590,2,1.395,11084
9591,0,1.395,11084
9592,0,1.394,11084
9593,0,1.394,11084
9594,2,1.394,11086
9595,1,1.395,11087
9596,0,1.394,11087
9597,0,1.394,11087
9598,1,1.395,11088
9599,2,1.396,11090
9600,1,1.395,11091
9601,1,1.394,11092
9602,2,1.394,11094
9603,0,1.392,11094
9604,0,1.39,11094
9605,1,1.389,11095
9606,0,1.385,11095
9607,2,1.385,11097
9608,2,1.387,11099
9609,2,1.387,11101
9610,0,1.385,11101
9611,2,1.387,11103
9612,2,1.387,11105
9613,2,1.387,11107
9614,1,1.387,11108
9615,2,1.387,11110
9616,1,1.388,11111
9617,0,1.386,11111
9618,2,1.388,11113
9619,2,1.39,11115
9620,2,1.388,11117
9621,2,1.389,11119
9622,0,1.387,11119
9623,2,1.389,11121
9624,4,1.391,11125
9625,2,1.391,11127
9626,0,1.391,11127
9627,4,1.394,11131
9628,0,1.392,11131
9629,2,1.392,11133
9630,2,1.392,11135
9631,2,1.39,11137
9632,4,1.394,11141
9633,0,1.392,11141
9634,2,1.392,11143
9635,2,1.392,11145
9636,2,1.392,11147
9637,2,1.392,11149
9638,2,1.394,11151
9639,2,1.396,11153
9640,0,1.395,11153
9641,1,1.392,11154
9642,2,1.392,11156
9643,0,1.39,11156
9644,2,1.391,11158
9645,0,1.391,11158
9646,2,1.393,11160
9647,1,1.394,11161
9648,2,1.396,11163
9649,1,1.395,11164
9650,2,1.397,11166
9651,1,1.396,11167
9652,0,1.394,11167
9653,0,1.394,11167
9654,2,1.395,11169
9655,2,1.397,11171
9656,2,1.397,11173
9657,0,1.395,11173
9658,2,1.395,11175
9659,2,1.397,11177
9660,0,1.397,11177
9661,2,1.399,11179
9662,4,1.403,11183
9663,0,1.401,11183
9664,2,1.402,11185
9665,2,1.401,11187
9666,2,1.401,11189
9667,2,1.402,11191
9668,2,1.402,11193
9669,0,1.398,11193
9670,0,1.396,11193
9671,2,1.398,11195
9672,1,1.399,11196
9673,2,1.4,11198
9674,2,1.402,11200
9675,1,1.402,11201
9676,0,1.402,11201
9677,0,1.401,11201
9678,0,1.401,11201
9679,0,1.401,11201
9680,2,1.402,11203
9681,0,1.4,11203
9682,3,1.401,11206
9683,2,1.403,11208
9684,4,1.407,11212
9685,0,1.405,11212
9686,0,1.401,11212
9687,1,1.401,11213
9688,2,1.402,11215
9689,2,1.403,11217
9690,4,1.407,11221
9691,0,1.406,11221
9692,2,1.407,11223
9693,1,1.406,11224
9694,2,1.404,11226
9695,0,1.403,11226
9696,2,1.403,11228
9697,0,1.401,11228
9698,0,1.401,11228
9699,2,1.403,11230
9700,2,1.404,11232
9701,2,1.406,11234
9702,2,1.407,11236
9703,2,1.408,11238
9704,0,1.408,11238
9705,2,1.408,11240
9706,2,1.408,11242
9707,0,1.406,11242
9708,0,1.405,11242
9709,0,1.404,11242
9710,2,1.403,11244
9711,0,1.401,11244
9712,2,1.403,11246
9713,2,1.405,11248
9714,2,1.405,11250
9715,2,1.405,11252
9716,2,1.404,11254
9717,0,1.403,11254
9718,1,1.403,11255
9719,0,1.402,11255
9720,4,1.402,11259
9721,0,1.402,11259
9722,2,1.402,11261
9723,2,1.404,11263
9724,1,1.403,11264
9725,0,1.401,11264
9726,0,1.401,11264
9727,2,1.401,11266
9728,0,1.401,11266
9729,0,1.399,11266
9730,2,1.399,11268
9731,2,1.399,11270
9732,0,1.397,11270
9733,2,1.399,11272
9734,0,1.397,11272
9735,4,1.401,11276
9736,2,1.401,11278
9737,2,1.403,11280
9738,1,1.402,11281
9739,0,1.402,11281
9740,2,1.404,11283
9741,2,1.405,11285
9742,2,1.406,11287
9743,2,1.406,11289
9744,2,1.407,11291
9745,2,1.408,11293
9746,2,1.409,11295
9747,1,1.409,11296
9748,2,1.409,11298
9749,0,1.409,11298
9750,0,1.408,11298
9751,2,1.407,11300
9752,2,1.408,11302
9753,0,1.407,11302
9754,2,1.408,11304
9755,0,1.407,11304
9756,2,1.408,11306
9757,2,1.409,11308
9758,2,1.41,11310
9759,0,1.408,11310
9760,2,1.408,11312
9761,2,1.41,11314
9762,2,1.412,11316
9763,2,1.413,11318
9764,2,1.414,11320
9765,0,1.412,11320
9766,2,1.413,11322
9767,2,1.413,11324
9768,2,1.413,11326
9769,2,1.413,11328
9770,2,1.413,11330
9771,0,1.411,11330
9772,2,1.409,11332
9773,2,1.407,11334
9774,2,1.407,11336
9775,1,1.406,11337
9776,2,1.406,11339
9777,1,1.407,11340
9778,2,1.409,11342
9779,4,1.411,11346
9780,0,1.409,11346
9781,2,1.411,11348
9782,2,1.411,11350
9783,2,1.411,11352
9784,2,1.413,11354
9785,1,1.413,11355
9786,2,1.413,11357
9787,0,1.413,11357
9788,0,1.412,11357
9789,2,1.412,11359
9790,2,1.412,11361
9791,2,1.412,11363
9792,2,1.412,11365
9793,2,1.41,11367
9794,2,1.41,11369
9795,3,1.412,11372
9796,2,1.412,11374
9797,1,1.413,11375
9798,2,1.415,11377
9799,2,1.415,11379
9800,1,1.414,11380
9801,2,1.414,11382
9802,0,1.414,11382
9803,2,1.415,11384
9804,2,1.415,11386
9805,2,1.415,11388
9806,1,1.414,11389
9807,2,1.414,11391
9808,2,1.416,11393
9809,1,1.417,11394
9810,1,1.417,11395
9811,1,1.418,11396
9812,2,1.419,11398
9813,2,1.421,11400
9814,4,1.423,11404
9815,0,1.421,11404
9816,2,1.423,11406
9817,2,1.423,11408
9818,2,1.424,11410
9819,0,1.423,11410
9820,4,1.425,11414
9821,3,1.425,11417
9822,0,1.422,11417
9823,2,1.422,11419
9824,0,1.422,11419
9825,2,1.422,11421
9826,0,1.422,11421
9827,1,1.421,11422
9828,2,1.423,11424
9829,2,1.423,11426
9830,1,1.424,11427
9831,2,1.424,11429
9832,2,1.424,11431
9833,0,1.422,11431
9834,0,1.42,11431
9835,1,1.417,11432
9836,2,1.418,11434
9837,2,1.419,11436
9838,2,1.417,11438
9839,2,1.417,11440
9840,2,1.417,11442
9841,0,1.415,11442
9842,2,1.415,11444
9843,2,1.415,11446
9844,2,1.417,11448
9845,2,1.419,11450
9846,2,1.419,11452
9847,1,1.418,11453
9848,2,1.418,11455
9849,2,1.418,11457
9850,1,1.417,11458
9851,2,1.418,11460
9852,1,1.419,11461
9853,2,1.42,11463
9854,2,1.421,11465
9855,0,1.419,11465
9856,2,1.419,11467
9857,2,1.419,11469
9858,2,1.419,11471
9859,0,1.415,11471
9860,2,1.415,11473
9861,0,1.415,11473
9862,2,1.417,11475
9863,4,1.421,11479
9864,0,1.419,11479
9865,0,1.417,11479
9866,0,1.415,11479
9867,0,1.413,11479
9868,0,1.411,11479
9869,1,1.411,11480
9870,2,1.412,11482
9871,2,1.414,11484
9872,2,1.414,11486
9873,3,1.415,11489
9874,3,1.418,11492
9875,2,1.42,11494
9876,0,1.418,11494
9877,3,1.421,11497
9878,1,1.422,11498
9879,1,1.423,11499
9880,1,1.422,11500
9881,0,1.42,11500
9882,1,1.419,11501
9883,0,1.417,11501
9884,1,1.416,11502
9885,0,1.413,11502
9886,2,1.414,11504
9887,2,1.412,11506
9888,2,1.412,11508
9889,2,1.412,11510
9890,2,1.412,11512
9891,0,1.411,11512
9892,2,1.413,11514
9893,2,1.413,11516
9894,0,1.411,11516
9895,2,1.413,11518
9896,0,1.411,11518
9897,2,1.411,11520
9898,1,1.41,11521
9899,1,1.409,11522
9900,0,1.407,11522
9901,2,1.409,11524
9902,2,1.409,11526
9903,2,1.409,11528
9904,2,1.409,11530
9905,1,1.409,11531
9906,1,1.408,11532
9907,2,1.408,11534
9908,0,1.406,11534
9909,2,1.406,11536
9910,0,1.402,11536
9911,0,1.402,11536
9912,0,1.401,11536
9913,2,1.403,11538
9914,2,1.405,11540
9915,2,1.405,11542
9916,2,1.405,11544
9917,2,1.407,11546
9918,2,1.407,11548
9919,0,1.405,11548
9920,0,1.405,11548
9921,1,1.404,11549
9922,2,1.404,11551
9923,1,1.403,11552
9924,2,1.403,11554
9925,0,1.399,11554
9926,0,1.399,11554
9927,2,1.399,11556
9928,0,1.397,11556
9929,2,1.397,11558
9930,0,1.395,11558
9931,0,1.393,11558
9932,2,1.393,11560
9933,2,1.394,11562
9934,0,1.392,11562
9935,2,1.392,11564
9936,2,1.394,11566
9937,0,1.392,11566
9938,2,1.392,11568
9939,2,1.392,11570
9940,2,1.394,11572
9941,2,1.394,11574
9942,0,1.392,11574
9943,2,1.394,11576
9944,1,1.391,11577
9945,2,1.393,11579
9946,2,1.393,11581
9947,2,1.395,11583
9948,2,1.395,11585
9949,2,1.395,11587
9950,2,1.396,11589
9951,2,1.398,11591
9952,0,1.398,11591
9953,2,1.4,11593
9954,2,1.4,11595
9955,0,1.4,11595
9956,2,1.4,11597
9957,2,1.402,11599
9958,1,1.401,11600
9959,2,1.403,11602
9960,2,1.403,11604
9961,2,1.403,11606
9962,2,1.403,11608
9963,0,1.401,11608
9964,2,1.402,11610
9965,0,1.4,11610
9966,0,1.398,11610
9967,2,1.398,11612
9968,2,1.398,11614
9969,0,1.396,11614
9970,0,1.395,11614
9971,0,1.394,11614
9972,2,1.394,11616
9973,2,1.392,11618
9974,0,1.391,11618
9975,0,1.389,11618
9976,4,1.391,11622
9977,2,1.391,11624
9978,0,1.391,11624
9979,0,1.389,11624
9980,0,1.387,11624
9981,2,1.389,11626
9982,2,1.391,11628
9983,2,1.391,11630
9984,0,1.389,11630
9985,2,1.391,11632
9986,2,1.393,11634
9987,2,1.393,11636
9988,2,1.395,11638
9989,2,1.395,11640
9990,0,1.395,11640
9991,2,1.395,11642
9992,2,1.397,11644
9993,2,1.398,11646
9994,0,1.397,11646
9995,0,1.396,11646
9996,0,1.395,11646
9997,2,1.397,11648
9998,0,1.395,11648
9999,2,1.393,11650
10000,0,1.391,11650
